Site,Partition,&alpha;,&beta;,&beta;-&alpha;,Prob[&alpha;>&beta;],Prob[&alpha;<&beta;],BayesFactor[&alpha;<&beta;]
1,1,"3.427","0.616","-2.811","0.603","0.349","0.778"
2,1,"1.661","0.769","-0.892","0.542","0.406","0.993"
3,1,"1.834","0.733","-1.101","0.551","0.397","0.958"
4,1,"1.046","0.901","-0.144","0.503","0.443","1.156"
5,1,"1.829","0.764","-1.065","0.548","0.400","0.970"
6,1,"1.123","0.877","-0.246","0.509","0.437","1.128"
7,1,"1.579","0.720","-0.860","0.543","0.404","0.985"
8,1,"1.655","0.733","-0.922","0.545","0.403","0.981"
9,1,"1.655","0.767","-0.888","0.542","0.406","0.994"
10,1,"1.203","0.686","-0.517","0.530","0.415","1.033"
11,1,"1.203","0.719","-0.484","0.527","0.419","1.050"
12,1,"1.655","0.733","-0.922","0.545","0.403","0.981"
13,1,"1.601","0.692","-0.908","0.547","0.400","0.969"
14,1,"1.601","0.692","-0.908","0.547","0.400","0.969"
15,1,"1.277","0.756","-0.521","0.527","0.419","1.050"
16,1,"1.655","0.729","-0.927","0.545","0.402","0.979"
17,1,"1.601","0.692","-0.908","0.547","0.400","0.969"
18,1,"1.395","1.021","-0.374","0.516","0.431","1.101"
19,1,"1.395","0.741","-0.653","0.534","0.413","1.022"
20,1,"1.277","0.724","-0.553","0.530","0.416","1.037"
21,1,"1.832","0.987","-0.845","0.534","0.414","1.028"
22,1,"1.829","0.732","-1.097","0.551","0.397","0.958"
23,1,"1.829","0.764","-1.065","0.548","0.400","0.970"
24,1,"2.971","0.643","-2.327","0.590","0.361","0.820"
25,1,"1.395","1.021","-0.374","0.516","0.431","1.101"
26,1,"1.395","0.741","-0.653","0.534","0.413","1.022"
27,1,"1.685","0.682","-1.003","0.552","0.396","0.953"
28,1,"1.276","0.807","-0.470","0.522","0.424","1.069"
29,1,"1.685","0.688","-0.997","0.551","0.397","0.956"
30,1,"10.826","0.838","-9.987","0.882","0.092","0.148"
31,1,"1.685","0.743","-0.942","0.545","0.403","0.980"
32,1,"1.277","0.655","-0.622","0.539","0.408","1.000"
33,1,"11.256","0.697","-10.559","0.894","0.083","0.132"
34,1,"1.832","0.987","-0.845","0.534","0.414","1.028"
35,1,"1.832","0.987","-0.845","0.534","0.414","1.028"
36,1,"1.203","0.704","-0.499","0.528","0.418","1.043"
37,1,"1.277","0.655","-0.622","0.539","0.408","1.000"
38,1,"1.209","0.693","-0.515","0.530","0.416","1.036"
39,1,"1.829","0.732","-1.097","0.551","0.397","0.958"
40,1,"1.277","0.756","-0.521","0.527","0.419","1.050"
41,1,"1.564","0.824","-0.739","0.534","0.414","1.025"
42,1,"1.685","0.682","-1.003","0.552","0.396","0.953"
43,1,"1.829","0.732","-1.097","0.551","0.397","0.958"
44,1,"1.685","0.705","-0.980","0.549","0.399","0.963"
45,1,"3.458","0.978","-2.479","0.573","0.378","0.885"
46,1,"1.395","0.776","-0.619","0.531","0.416","1.035"
47,1,"10.439","0.771","-9.668","0.883","0.092","0.147"
48,1,"1.655","0.729","-0.927","0.545","0.402","0.979"
49,1,"5.179","0.938","-4.241","0.809","0.153","0.263"
50,1,"1.395","1.021","-0.374","0.516","0.431","1.101"
51,1,"1.277","0.699","-0.578","0.533","0.414","1.025"
52,1,"1.203","0.682","-0.521","0.531","0.415","1.031"
53,1,"1.655","0.660","-0.994","0.553","0.394","0.946"
54,1,"1.690","0.688","-1.002","0.551","0.396","0.955"
55,1,"1.834","0.765","-1.069","0.548","0.400","0.970"
56,1,"1.594","3.296","1.702","0.273","0.674","3.008"
57,1,"1.829","0.764","-1.065","0.548","0.400","0.970"
58,1,"1.930","8.199","6.269","0.211","0.742","4.186"
59,1,"1.592","3.256","1.664","0.274","0.673","2.991"
60,1,"1.395","0.776","-0.619","0.531","0.416","1.035"
61,1,"1.358","2.753","1.395","0.276","0.671","2.960"
62,1,"1.685","0.688","-0.997","0.551","0.397","0.956"
63,1,"3.427","0.615","-2.812","0.603","0.348","0.777"
64,1,"1.663","11.926","10.263","0.069","0.894","12.278"
65,1,"1.395","0.741","-0.653","0.534","0.413","1.022"
66,1,"1.655","0.767","-0.888","0.542","0.406","0.994"
67,1,"1.655","0.767","-0.888","0.542","0.406","0.994"
68,1,"1.685","0.688","-0.997","0.551","0.397","0.956"
69,1,"1.579","0.686","-0.893","0.547","0.400","0.969"
70,1,"1.579","0.720","-0.860","0.543","0.404","0.985"
71,1,"1.829","0.764","-1.065","0.548","0.400","0.970"
72,1,"1.741","0.665","-1.076","0.556","0.392","0.937"
73,1,"1.757","2.476","0.719","0.303","0.642","2.612"
74,1,"1.277","0.655","-0.622","0.539","0.408","1.000"
75,1,"1.044","0.901","-0.143","0.503","0.443","1.157"
76,1,"1.395","0.776","-0.619","0.531","0.416","1.035"
77,1,"1.655","0.767","-0.888","0.542","0.406","0.994"
78,1,"1.123","0.877","-0.246","0.509","0.437","1.128"
79,1,"1.203","0.721","-0.482","0.526","0.420","1.051"
80,1,"1.655","0.660","-0.994","0.553","0.394","0.946"
81,1,"1.587","2.722","1.135","0.288","0.658","2.798"
82,1,"1.579","0.721","-0.858","0.543","0.404","0.986"
83,1,"1.203","0.704","-0.499","0.528","0.418","1.043"
84,1,"1.685","0.682","-1.003","0.552","0.396","0.953"
85,1,"1.655","0.767","-0.888","0.542","0.406","0.994"
86,1,"1.685","0.688","-0.997","0.551","0.397","0.956"
87,1,"1.579","0.682","-0.897","0.548","0.399","0.967"
88,1,"1.601","0.692","-0.908","0.547","0.400","0.969"
89,1,"1.685","0.688","-0.997","0.551","0.397","0.956"
90,1,"1.829","0.732","-1.097","0.551","0.397","0.958"
91,1,"1.741","0.665","-1.076","0.556","0.392","0.937"
92,1,"1.366","0.719","-0.647","0.535","0.412","1.017"
93,1,"1.366","0.742","-0.624","0.533","0.414","1.027"
94,1,"1.277","0.724","-0.553","0.530","0.416","1.037"
95,1,"1.203","0.682","-0.521","0.531","0.415","1.031"
96,1,"1.579","0.685","-0.894","0.547","0.400","0.969"
97,1,"1.277","0.756","-0.521","0.527","0.419","1.050"
98,1,"3.458","0.978","-2.479","0.573","0.378","0.885"
99,1,"1.685","0.705","-0.980","0.549","0.399","0.963"
100,1,"1.829","0.764","-1.065","0.548","0.400","0.970"
101,1,"1.579","0.686","-0.893","0.547","0.400","0.969"
102,1,"1.685","0.743","-0.942","0.545","0.403","0.980"
103,1,"1.655","0.767","-0.888","0.542","0.406","0.994"
104,1,"1.277","0.756","-0.521","0.527","0.419","1.050"
105,1,"3.068","2.219","-0.849","0.356","0.589","2.085"
106,1,"1.832","0.987","-0.845","0.534","0.414","1.028"
107,1,"5.136","0.861","-4.275","0.810","0.152","0.260"
108,1,"1.277","0.756","-0.521","0.527","0.419","1.050"
109,1,"1.685","0.704","-0.981","0.549","0.399","0.963"
110,1,"1.366","0.719","-0.647","0.535","0.412","1.017"
111,1,"1.579","0.720","-0.860","0.543","0.404","0.985"
112,1,"1.685","0.682","-1.003","0.552","0.396","0.953"
113,1,"1.277","0.756","-0.521","0.527","0.419","1.050"
114,1,"1.579","0.720","-0.860","0.543","0.404","0.985"
115,1,"1.685","0.720","-0.966","0.547","0.400","0.970"
116,1,"1.276","4.769","3.493","0.230","0.721","3.766"
117,1,"1.660","0.767","-0.893","0.542","0.406","0.993"
118,1,"1.655","0.769","-0.887","0.541","0.406","0.994"
119,1,"1.655","0.766","-0.890","0.542","0.406","0.993"
120,1,"1.685","0.688","-0.997","0.551","0.397","0.956"
121,1,"1.685","0.688","-0.997","0.551","0.397","0.956"
122,1,"1.829","0.764","-1.065","0.548","0.400","0.970"
123,1,"1.655","0.698","-0.957","0.548","0.399","0.966"
124,1,"1.203","0.682","-0.521","0.531","0.415","1.031"
125,1,"1.685","0.688","-0.997","0.551","0.397","0.956"
126,1,"1.656","0.807","-0.849","0.538","0.409","1.007"
127,1,"1.685","0.688","-0.997","0.551","0.397","0.956"
128,1,"1.655","0.729","-0.927","0.545","0.402","0.979"
129,1,"1.579","0.682","-0.897","0.548","0.399","0.967"
130,1,"1.685","0.743","-0.942","0.545","0.403","0.980"
131,1,"1.277","0.655","-0.622","0.539","0.408","1.000"
132,1,"1.579","0.704","-0.876","0.545","0.402","0.978"
133,1,"1.395","0.776","-0.619","0.531","0.416","1.035"
134,1,"1.741","0.665","-1.076","0.556","0.392","0.937"
135,1,"1.366","0.686","-0.680","0.539","0.408","1.001"
136,1,"3.458","0.978","-2.479","0.573","0.378","0.885"
137,1,"1.655","0.660","-0.994","0.553","0.394","0.946"
138,1,"1.655","0.767","-0.888","0.542","0.406","0.994"
139,1,"1.270","3.826","2.556","0.246","0.704","3.451"
140,1,"1.685","0.743","-0.942","0.545","0.403","0.980"
141,1,"1.685","0.743","-0.942","0.545","0.403","0.980"
142,1,"1.685","0.688","-0.997","0.551","0.397","0.956"
143,1,"1.685","0.705","-0.980","0.549","0.399","0.963"
144,1,"1.277","0.724","-0.553","0.530","0.416","1.037"
145,1,"1.655","0.733","-0.922","0.545","0.403","0.981"
146,1,"1.366","0.686","-0.680","0.539","0.408","1.001"
147,1,"1.655","0.767","-0.888","0.542","0.406","0.994"
148,1,"1.685","0.720","-0.966","0.547","0.400","0.970"
149,1,"1.655","0.698","-0.957","0.548","0.399","0.966"
150,1,"1.579","0.719","-0.861","0.543","0.404","0.985"
151,1,"1.685","0.720","-0.966","0.547","0.400","0.970"
152,1,"1.579","0.721","-0.858","0.543","0.404","0.986"
153,1,"1.655","0.767","-0.888","0.542","0.406","0.994"
154,1,"1.685","0.705","-0.980","0.549","0.399","0.963"
155,1,"1.395","0.741","-0.653","0.534","0.413","1.022"
156,1,"1.366","0.719","-0.647","0.535","0.412","1.017"
157,1,"1.004","0.877","-0.127","0.501","0.444","1.163"
158,1,"1.192","3.298","2.106","0.253","0.696","3.328"
159,1,"1.656","0.807","-0.849","0.538","0.409","1.007"
160,1,"1.579","0.705","-0.875","0.545","0.402","0.978"
161,1,"1.203","0.704","-0.499","0.528","0.418","1.043"
162,1,"1.829","0.764","-1.065","0.548","0.400","0.970"
163,1,"1.601","0.692","-0.908","0.547","0.400","0.969"
164,1,"1.685","0.705","-0.980","0.549","0.399","0.963"
165,1,"1.579","0.720","-0.860","0.543","0.404","0.985"
166,1,"11.219","0.728","-10.491","0.891","0.085","0.135"
167,1,"1.829","0.732","-1.097","0.551","0.397","0.958"
168,1,"1.829","0.764","-1.065","0.548","0.400","0.970"
169,1,"1.655","0.767","-0.888","0.542","0.406","0.994"
170,1,"1.293","0.697","-0.597","0.534","0.412","1.020"
171,1,"1.829","0.764","-1.065","0.548","0.400","0.970"
172,1,"1.579","0.682","-0.897","0.548","0.399","0.967"
173,1,"1.681","4.046","2.365","0.261","0.687","3.197"
174,1,"1.123","0.877","-0.246","0.509","0.437","1.128"
175,1,"1.579","0.720","-0.860","0.543","0.404","0.985"
176,1,"1.277","0.754","-0.522","0.527","0.419","1.050"
177,1,"1.579","0.719","-0.861","0.543","0.404","0.985"
178,1,"1.395","0.776","-0.619","0.531","0.416","1.035"
179,1,"1.277","0.756","-0.521","0.527","0.419","1.050"
180,1,"1.829","0.732","-1.097","0.551","0.397","0.958"
181,1,"6.419","0.867","-5.552","0.831","0.134","0.225"
182,1,"1.579","0.721","-0.858","0.543","0.404","0.986"
183,1,"1.579","0.705","-0.875","0.545","0.402","0.978"
184,1,"1.685","0.682","-1.003","0.552","0.396","0.953"
185,1,"1.685","0.688","-0.997","0.551","0.397","0.956"
186,1,"1.004","0.877","-0.127","0.501","0.444","1.163"
187,1,"1.277","0.724","-0.553","0.530","0.416","1.037"
188,1,"1.579","0.704","-0.876","0.545","0.402","0.978"
189,1,"1.685","0.682","-1.003","0.552","0.396","0.953"
190,1,"1.685","0.705","-0.980","0.549","0.399","0.963"
191,1,"2.971","0.643","-2.327","0.590","0.361","0.820"
192,1,"1.685","0.704","-0.981","0.549","0.399","0.963"
193,1,"1.277","0.720","-0.557","0.530","0.416","1.035"
194,1,"1.579","0.682","-0.897","0.548","0.399","0.967"
195,1,"1.685","0.704","-0.981","0.549","0.399","0.963"
196,1,"1.829","0.732","-1.097","0.551","0.397","0.958"
197,1,"1.655","0.733","-0.922","0.545","0.403","0.981"
198,1,"1.004","0.877","-0.127","0.501","0.444","1.163"
199,1,"1.592","3.268","1.676","0.274","0.674","3.000"
200,1,"1.579","0.720","-0.860","0.543","0.404","0.985"
201,1,"10.193","3.093","-7.101","0.696","0.229","0.433"
202,1,"1.685","0.705","-0.980","0.549","0.399","0.963"
203,1,"1.867","3.599","1.732","0.278","0.670","2.947"
204,1,"1.655","0.767","-0.888","0.542","0.406","0.994"
205,1,"1.579","0.721","-0.858","0.543","0.404","0.986"
206,1,"9.684","0.704","-8.979","0.881","0.093","0.150"
207,1,"1.366","0.719","-0.647","0.535","0.412","1.017"
208,1,"1.601","0.692","-0.908","0.547","0.400","0.969"
209,1,"1.579","0.705","-0.875","0.545","0.402","0.978"
210,1,"1.829","0.764","-1.065","0.548","0.400","0.970"
211,1,"1.277","0.754","-0.522","0.527","0.419","1.050"
212,1,"1.276","0.807","-0.470","0.522","0.424","1.069"
213,1,"7.956","0.803","-7.153","0.856","0.114","0.186"
214,1,"11.955","0.694","-11.261","0.899","0.079","0.124"
215,1,"6.368","0.866","-5.502","0.831","0.134","0.226"
216,1,"1.685","0.688","-0.997","0.551","0.397","0.956"
217,1,"1.579","0.720","-0.860","0.543","0.404","0.985"
218,1,"1.741","0.665","-1.076","0.556","0.392","0.937"
219,1,"1.387","3.727","2.339","0.254","0.694","3.305"
220,1,"1.832","0.987","-0.845","0.534","0.414","1.028"
221,1,"1.277","0.724","-0.553","0.530","0.416","1.037"
222,1,"1.579","0.720","-0.860","0.543","0.404","0.985"
223,1,"1.655","0.767","-0.888","0.542","0.406","0.994"
224,1,"1.203","0.704","-0.499","0.528","0.418","1.043"
225,1,"1.421","10.785","9.364","0.164","0.797","5.697"
226,1,"1.579","0.682","-0.897","0.548","0.399","0.967"
227,1,"1.277","0.724","-0.553","0.530","0.416","1.037"
228,1,"1.879","9.627","7.748","0.092","0.866","9.371"
229,1,"1.655","0.733","-0.922","0.545","0.403","0.981"
230,1,"1.203","0.720","-0.483","0.527","0.419","1.050"
231,1,"1.655","0.733","-0.922","0.545","0.403","0.981"
232,1,"1.044","0.901","-0.143","0.503","0.443","1.157"
233,1,"1.277","0.756","-0.521","0.527","0.419","1.050"
234,1,"1.277","0.655","-0.622","0.539","0.408","1.000"
235,1,"1.209","0.693","-0.515","0.530","0.416","1.036"
236,1,"1.829","0.732","-1.097","0.551","0.397","0.958"
237,1,"1.044","0.901","-0.143","0.503","0.443","1.157"
238,1,"1.276","0.807","-0.470","0.522","0.424","1.069"
239,1,"1.685","0.682","-1.003","0.552","0.396","0.953"
240,1,"1.685","0.743","-0.942","0.545","0.403","0.980"
241,1,"1.655","0.767","-0.888","0.542","0.406","0.994"
242,1,"1.277","0.756","-0.521","0.527","0.419","1.050"
243,1,"13.114","0.782","-12.332","0.902","0.076","0.120"
244,1,"31.555","0.885","-30.669","0.997","0.001","0.001"
245,1,"1.685","0.705","-0.980","0.549","0.399","0.963"
246,1,"32.297","0.872","-31.425","0.997","0.001","0.001"
247,1,"1.395","1.021","-0.374","0.516","0.431","1.101"
248,1,"10.730","0.723","-10.007","0.888","0.088","0.140"
249,1,"1.829","0.764","-1.065","0.548","0.400","0.970"
250,1,"1.655","0.729","-0.927","0.545","0.402","0.979"
251,1,"9.179","0.777","-8.402","0.871","0.101","0.164"
252,1,"1.655","0.767","-0.888","0.542","0.406","0.994"
253,1,"1.395","0.776","-0.619","0.531","0.416","1.035"
254,1,"1.655","0.729","-0.927","0.545","0.402","0.979"
255,1,"1.685","0.705","-0.980","0.549","0.399","0.963"
256,1,"1.366","0.686","-0.680","0.539","0.408","1.001"
257,1,"1.660","0.662","-0.998","0.553","0.394","0.946"
258,1,"1.690","0.745","-0.945","0.545","0.403","0.980"
259,1,"1.660","0.662","-0.998","0.553","0.394","0.946"
260,1,"1.829","0.764","-1.065","0.548","0.400","0.970"
261,1,"1.366","0.719","-0.647","0.535","0.412","1.017"
262,1,"2.971","0.643","-2.327","0.590","0.361","0.820"
263,1,"1.192","3.256","2.064","0.254","0.695","3.307"
264,1,"1.203","0.686","-0.517","0.530","0.415","1.033"
265,1,"1.601","0.692","-0.908","0.547","0.400","0.969"
266,1,"1.579","0.721","-0.858","0.543","0.404","0.986"
267,1,"1.579","0.704","-0.876","0.545","0.402","0.978"
268,1,"1.829","0.764","-1.065","0.548","0.400","0.970"
269,1,"1.395","0.776","-0.619","0.531","0.416","1.035"
270,1,"1.829","0.764","-1.065","0.548","0.400","0.970"
271,1,"22.260","0.831","-21.429","0.986","0.007","0.010"
272,1,"1.579","0.704","-0.876","0.545","0.402","0.978"
273,1,"1.685","0.743","-0.942","0.545","0.403","0.980"
274,1,"1.655","0.660","-0.994","0.553","0.394","0.946"
275,1,"1.579","0.705","-0.875","0.545","0.402","0.978"
276,1,"1.193","2.755","1.562","0.266","0.681","3.103"
277,1,"1.344","2.522","1.178","0.282","0.664","2.872"
278,1,"1.829","0.732","-1.097","0.551","0.397","0.958"
279,1,"7.272","0.698","-6.574","0.856","0.114","0.187"
280,1,"1.601","0.692","-0.908","0.547","0.400","0.969"
281,1,"1.829","0.764","-1.065","0.548","0.400","0.970"
282,1,"8.208","0.718","-7.490","0.865","0.107","0.173"
283,1,"1.591","3.262","1.670","0.274","0.673","2.993"
284,1,"1.685","0.688","-0.997","0.551","0.397","0.956"
285,1,"1.739","13.016","11.276","0.065","0.899","12.966"
286,1,"3.015","2.268","-0.747","0.353","0.592","2.113"
287,1,"11.899","3.125","-8.774","0.722","0.207","0.379"
288,1,"1.396","4.190","2.794","0.246","0.703","3.448"
289,1,"1.203","0.686","-0.517","0.530","0.415","1.033"
290,1,"13.096","1.040","-12.056","0.890","0.084","0.134"
291,1,"1.685","0.743","-0.942","0.545","0.403","0.980"
292,1,"1.579","0.682","-0.897","0.548","0.399","0.967"
293,1,"1.592","5.061","3.469","0.239","0.711","3.581"
294,1,"1.277","0.756","-0.521","0.527","0.419","1.050"
295,1,"8.145","0.652","-7.493","0.870","0.103","0.166"
296,1,"1.192","3.245","2.053","0.254","0.695","3.307"
297,1,"1.929","8.074","6.145","0.213","0.741","4.154"
298,1,"1.611","2.904","1.293","0.284","0.663","2.854"
299,1,"1.395","0.741","-0.653","0.534","0.413","1.022"
300,1,"7.600","2.786","-4.813","0.655","0.268","0.532"
301,1,"8.042","0.721","-7.321","0.863","0.108","0.176"
302,1,"9.336","0.742","-8.594","0.875","0.098","0.159"
303,1,"11.750","0.711","-11.040","0.897","0.081","0.128"
304,1,"1.685","0.705","-0.980","0.549","0.399","0.963"
305,1,"1.655","0.767","-0.888","0.542","0.406","0.994"
306,1,"1.685","0.705","-0.980","0.549","0.399","0.963"
307,1,"11.989","0.711","-11.277","0.898","0.079","0.125"
308,1,"1.685","0.688","-0.997","0.551","0.397","0.956"
309,1,"1.685","0.705","-0.980","0.549","0.399","0.963"
310,1,"1.701","2.788","1.087","0.291","0.655","2.760"
311,1,"1.246","3.360","2.114","0.254","0.695","3.306"
312,1,"14.156","3.642","-10.514","0.740","0.189","0.339"
313,1,"1.655","0.767","-0.888","0.542","0.406","0.994"
314,1,"24.482","4.424","-20.058","0.903","0.038","0.058"
315,1,"1.704","3.099","1.395","0.283","0.664","2.867"
316,1,"8.794","0.718","-8.077","0.871","0.101","0.164"
317,1,"1.395","0.741","-0.653","0.534","0.413","1.022"
318,1,"1.829","0.764","-1.065","0.548","0.400","0.970"
319,1,"1.829","0.732","-1.097","0.551","0.397","0.958"
320,1,"11.951","0.754","-11.197","0.895","0.082","0.129"
321,1,"7.278","0.698","-6.581","0.856","0.114","0.187"
322,1,"1.395","1.021","-0.374","0.516","0.431","1.101"
323,1,"1.395","0.741","-0.653","0.534","0.413","1.022"
324,1,"1.350","0.668","-0.681","0.540","0.406","0.994"
325,1,"1.004","0.877","-0.127","0.501","0.444","1.163"
326,1,"1.579","0.704","-0.876","0.545","0.402","0.978"
327,1,"3.499","1.908","-1.592","0.381","0.565","1.890"
328,1,"1.215","0.883","-0.332","0.514","0.432","1.107"
329,1,"1.685","0.705","-0.980","0.549","0.399","0.963"
330,1,"1.829","0.764","-1.065","0.548","0.400","0.970"
331,1,"1.395","0.776","-0.619","0.531","0.416","1.035"
332,1,"1.655","0.729","-0.927","0.545","0.402","0.979"
333,1,"1.829","0.764","-1.065","0.548","0.400","0.970"
334,1,"1.277","0.699","-0.578","0.533","0.414","1.025"
335,1,"1.579","0.721","-0.858","0.543","0.404","0.986"
336,1,"25.704","0.734","-24.971","0.992","0.004","0.006"
337,1,"1.579","0.721","-0.858","0.543","0.404","0.986"
338,1,"1.829","0.764","-1.065","0.548","0.400","0.970"
339,1,"1.277","0.756","-0.521","0.527","0.419","1.050"
340,1,"1.685","0.704","-0.981","0.549","0.399","0.963"
341,1,"1.601","0.692","-0.908","0.547","0.400","0.969"
342,1,"1.209","0.693","-0.515","0.530","0.416","1.036"
343,1,"11.997","1.035","-10.962","0.883","0.090","0.145"
344,1,"1.395","0.776","-0.619","0.531","0.416","1.035"
345,1,"1.044","0.901","-0.143","0.503","0.443","1.157"
346,1,"1.004","0.877","-0.127","0.501","0.444","1.163"
347,1,"13.226","0.746","-12.479","0.904","0.074","0.117"
348,1,"1.395","0.776","-0.619","0.531","0.416","1.035"
349,1,"10.431","0.736","-9.696","0.885","0.090","0.144"
350,1,"1.685","0.743","-0.942","0.545","0.403","0.980"
351,1,"1.277","0.720","-0.557","0.530","0.416","1.035"
352,1,"2.971","0.643","-2.327","0.590","0.361","0.820"
353,1,"1.655","0.733","-0.922","0.545","0.403","0.981"
354,1,"1.655","0.660","-0.994","0.553","0.394","0.946"
355,1,"1.832","0.987","-0.845","0.534","0.414","1.028"
356,1,"1.832","0.987","-0.845","0.534","0.414","1.028"
357,1,"20.760","0.714","-20.046","0.988","0.007","0.010"
358,1,"1.829","0.732","-1.097","0.551","0.397","0.958"
359,1,"1.655","0.767","-0.888","0.542","0.406","0.994"
360,1,"7.658","0.699","-6.959","0.861","0.110","0.179"
361,1,"9.196","1.035","-8.161","0.857","0.111","0.182"
362,1,"1.579","0.704","-0.876","0.545","0.402","0.978"
363,1,"1.123","0.877","-0.246","0.509","0.437","1.128"
364,1,"1.656","0.807","-0.849","0.538","0.409","1.007"
365,1,"7.949","0.803","-7.146","0.856","0.114","0.187"
366,1,"8.625","0.665","-7.960","0.874","0.099","0.160"
367,1,"1.218","3.495","2.277","0.246","0.703","3.449"
368,1,"9.838","0.693","-9.145","0.883","0.092","0.147"
369,1,"1.395","0.776","-0.619","0.531","0.416","1.035"
370,1,"1.685","0.688","-0.997","0.551","0.397","0.956"
371,1,"1.366","0.742","-0.624","0.533","0.414","1.027"
372,1,"1.741","0.665","-1.076","0.556","0.392","0.937"
373,1,"1.268","2.360","1.092","0.283","0.663","2.859"
374,1,"1.685","0.704","-0.981","0.549","0.399","0.963"
375,1,"29.237","0.850","-28.387","0.996","0.001","0.001"
376,1,"1.395","0.741","-0.653","0.534","0.413","1.022"
377,1,"1.645","9.837","8.191","0.083","0.877","10.373"
378,1,"1.395","0.776","-0.619","0.531","0.416","1.035"
379,1,"1.209","0.693","-0.515","0.530","0.416","1.036"
380,1,"1.192","2.709","1.517","0.268","0.679","3.080"
381,1,"1.277","0.655","-0.622","0.539","0.408","1.000"
382,1,"1.655","0.767","-0.888","0.542","0.406","0.994"
383,1,"1.593","3.077","1.485","0.279","0.668","2.927"
384,1,"1.706","3.259","1.554","0.279","0.668","2.922"
385,1,"1.832","0.987","-0.845","0.534","0.414","1.028"
386,1,"1.606","2.899","1.293","0.284","0.663","2.857"
387,1,"1.579","0.705","-0.875","0.545","0.402","0.978"
388,1,"1.281","12.529","11.248","0.055","0.915","15.599"
389,1,"1.395","0.741","-0.653","0.534","0.413","1.022"
390,1,"12.765","1.041","-11.724","0.888","0.086","0.137"
391,1,"8.795","0.665","-8.130","0.876","0.098","0.157"
392,1,"1.685","0.704","-0.981","0.549","0.399","0.963"
393,1,"1.685","0.688","-0.997","0.551","0.397","0.956"
394,1,"1.579","0.682","-0.897","0.548","0.399","0.967"
395,1,"1.366","0.704","-0.662","0.537","0.410","1.010"
396,1,"3.427","0.615","-2.812","0.603","0.348","0.777"
397,1,"1.685","0.704","-0.981","0.549","0.399","0.963"
398,1,"1.829","0.732","-1.097","0.551","0.397","0.958"
399,1,"1.203","0.721","-0.482","0.526","0.420","1.051"
400,1,"1.564","0.824","-0.739","0.534","0.414","1.025"
401,1,"1.203","0.686","-0.517","0.530","0.415","1.033"
402,1,"1.209","0.693","-0.515","0.530","0.416","1.036"
403,1,"11.043","0.708","-10.335","0.891","0.085","0.135"
404,1,"1.601","0.692","-0.908","0.547","0.400","0.969"
405,1,"1.829","0.732","-1.097","0.551","0.397","0.958"
406,1,"1.395","0.741","-0.653","0.534","0.413","1.022"
407,1,"1.203","0.686","-0.517","0.530","0.415","1.033"
408,1,"1.685","0.682","-1.003","0.552","0.396","0.953"
409,1,"1.277","0.756","-0.521","0.527","0.419","1.050"
410,1,"1.395","0.776","-0.619","0.531","0.416","1.035"
411,1,"1.829","0.732","-1.097","0.551","0.397","0.958"
412,1,"1.656","0.807","-0.849","0.538","0.409","1.007"
413,1,"1.685","0.704","-0.981","0.549","0.399","0.963"
414,1,"1.579","0.721","-0.858","0.543","0.404","0.986"
415,1,"1.579","0.705","-0.875","0.545","0.402","0.978"
416,1,"8.808","0.683","-8.125","0.874","0.099","0.159"
417,1,"1.366","0.682","-0.684","0.539","0.407","0.999"
418,1,"1.829","0.764","-1.065","0.548","0.400","0.970"
419,1,"1.277","0.724","-0.553","0.530","0.416","1.037"
420,1,"1.363","3.264","1.901","0.263","0.684","3.154"
421,1,"1.731","19.924","18.193","0.019","0.957","32.357"
422,1,"1.366","0.686","-0.680","0.539","0.408","1.001"
423,1,"1.366","0.742","-0.624","0.533","0.414","1.027"
424,1,"1.395","0.741","-0.653","0.534","0.413","1.022"
425,1,"1.665","2.432","0.767","0.300","0.645","2.643"
426,1,"1.579","0.686","-0.893","0.547","0.400","0.969"
427,1,"1.685","0.705","-0.980","0.549","0.399","0.963"
428,1,"1.203","0.682","-0.521","0.531","0.415","1.031"
429,1,"1.293","0.697","-0.597","0.534","0.412","1.020"
430,1,"1.655","0.766","-0.890","0.542","0.406","0.993"
431,1,"1.579","0.720","-0.860","0.543","0.404","0.985"
432,1,"1.564","0.824","-0.739","0.534","0.414","1.025"
433,1,"1.685","0.688","-0.997","0.551","0.397","0.956"
434,1,"1.685","0.743","-0.942","0.545","0.403","0.980"
435,1,"1.203","0.704","-0.499","0.528","0.418","1.043"
436,1,"1.203","0.704","-0.499","0.528","0.418","1.043"
437,1,"1.276","0.807","-0.470","0.522","0.424","1.069"
438,1,"1.832","0.987","-0.845","0.534","0.414","1.028"
439,1,"1.829","0.764","-1.065","0.548","0.400","0.970"
440,1,"1.203","0.686","-0.517","0.530","0.415","1.033"
441,1,"1.395","0.741","-0.653","0.534","0.413","1.022"
442,1,"1.655","0.660","-0.994","0.553","0.394","0.946"
443,1,"1.203","0.720","-0.483","0.527","0.419","1.050"
444,1,"1.655","0.733","-0.922","0.545","0.403","0.981"
445,1,"1.366","0.705","-0.662","0.537","0.410","1.010"
446,1,"1.395","0.776","-0.619","0.531","0.416","1.035"
447,1,"1.655","0.733","-0.922","0.545","0.403","0.981"
448,1,"1.203","0.720","-0.483","0.527","0.419","1.050"
449,1,"1.835","7.144","5.309","0.220","0.733","3.989"
450,1,"1.044","0.901","-0.143","0.503","0.443","1.157"
451,1,"12.598","0.746","-11.852","0.900","0.078","0.123"
452,1,"1.579","0.720","-0.860","0.543","0.404","0.985"
453,1,"1.192","3.027","1.835","0.259","0.689","3.219"
454,1,"1.579","0.682","-0.897","0.548","0.399","0.967"
455,1,"1.579","0.720","-0.860","0.543","0.404","0.985"
456,1,"1.366","0.719","-0.647","0.535","0.412","1.017"
457,1,"1.395","0.741","-0.653","0.534","0.413","1.022"
458,1,"14.163","4.296","-9.867","0.719","0.204","0.371"
459,1,"1.579","0.682","-0.897","0.548","0.399","0.967"
460,1,"1.655","0.767","-0.888","0.542","0.406","0.994"
461,1,"1.829","0.732","-1.097","0.551","0.397","0.958"
462,1,"1.685","0.743","-0.942","0.545","0.403","0.980"
463,1,"1.829","0.764","-1.065","0.548","0.400","0.970"
464,1,"1.685","0.705","-0.980","0.549","0.399","0.963"
465,1,"1.277","0.724","-0.553","0.530","0.416","1.037"
466,1,"1.579","0.704","-0.876","0.545","0.402","0.978"
467,1,"12.199","0.713","-11.486","0.900","0.078","0.123"
468,1,"1.680","4.052","2.372","0.261","0.688","3.199"
469,1,"1.277","0.756","-0.521","0.527","0.419","1.050"
470,1,"1.277","0.724","-0.553","0.530","0.416","1.037"
471,1,"1.277","0.756","-0.521","0.527","0.419","1.050"
472,1,"1.685","0.743","-0.942","0.545","0.403","0.980"
473,1,"1.579","0.719","-0.861","0.543","0.404","0.985"
474,1,"1.655","0.767","-0.888","0.542","0.406","0.994"
475,1,"1.655","0.767","-0.888","0.542","0.406","0.994"
476,1,"1.829","0.732","-1.097","0.551","0.397","0.958"
477,1,"1.656","0.807","-0.849","0.538","0.409","1.007"
478,1,"1.209","0.693","-0.515","0.530","0.416","1.036"
479,1,"3.427","0.615","-2.812","0.603","0.348","0.777"
480,1,"1.579","0.704","-0.876","0.545","0.402","0.978"
481,1,"1.685","0.743","-0.942","0.545","0.403","0.980"
482,1,"1.655","0.767","-0.888","0.542","0.406","0.994"
483,1,"1.655","0.767","-0.888","0.542","0.406","0.994"
484,1,"1.277","0.720","-0.557","0.530","0.416","1.035"
485,1,"1.685","0.743","-0.942","0.545","0.403","0.980"
486,1,"1.277","0.724","-0.553","0.530","0.416","1.037"
487,1,"1.579","0.682","-0.897","0.548","0.399","0.967"
488,1,"8.410","0.719","-7.691","0.868","0.104","0.169"
489,1,"1.277","0.720","-0.557","0.530","0.416","1.035"
490,1,"1.366","0.704","-0.662","0.537","0.410","1.010"
491,1,"1.655","0.766","-0.890","0.542","0.406","0.993"
492,1,"1.277","0.756","-0.521","0.527","0.419","1.050"
493,1,"1.579","0.682","-0.897","0.548","0.399","0.967"
494,1,"1.655","0.767","-0.888","0.542","0.406","0.994"
495,1,"1.203","0.685","-0.518","0.530","0.415","1.033"
496,1,"1.215","0.883","-0.332","0.514","0.432","1.107"
497,1,"1.655","0.733","-0.922","0.545","0.403","0.981"
498,1,"1.656","0.807","-0.849","0.538","0.409","1.007"
499,1,"1.277","0.754","-0.522","0.527","0.419","1.050"
500,1,"1.685","0.705","-0.980","0.549","0.399","0.963"
501,1,"1.277","0.756","-0.521","0.527","0.419","1.050"
502,1,"8.415","0.755","-7.660","0.865","0.106","0.173"
503,1,"1.215","0.883","-0.332","0.514","0.432","1.107"
504,1,"1.588","2.779","1.191","0.286","0.660","2.822"
505,1,"1.655","0.767","-0.888","0.542","0.406","0.994"
506,1,"10.450","0.815","-9.634","0.880","0.093","0.150"
507,1,"1.277","0.756","-0.521","0.527","0.419","1.050"
508,1,"1.203","0.719","-0.484","0.527","0.419","1.050"
509,1,"1.829","0.764","-1.065","0.548","0.400","0.970"
510,1,"1.203","0.682","-0.521","0.531","0.415","1.031"
511,1,"1.004","0.877","-0.127","0.501","0.444","1.163"
512,1,"1.277","0.699","-0.578","0.533","0.414","1.025"
513,1,"1.829","0.764","-1.065","0.548","0.400","0.970"
514,1,"11.937","0.779","-11.157","0.894","0.082","0.130"
515,1,"1.685","0.743","-0.942","0.545","0.403","0.980"
516,1,"10.935","0.725","-10.210","0.889","0.087","0.138"
517,1,"1.044","0.901","-0.143","0.503","0.443","1.157"
518,1,"3.427","0.615","-2.812","0.603","0.348","0.777"
519,1,"1.685","0.688","-0.997","0.551","0.397","0.956"
520,1,"10.927","0.732","-10.195","0.890","0.086","0.137"
521,1,"1.209","0.693","-0.515","0.530","0.416","1.036"
522,1,"1.277","0.724","-0.553","0.530","0.416","1.037"
523,1,"1.579","0.721","-0.858","0.543","0.404","0.986"
524,1,"1.209","0.693","-0.515","0.530","0.416","1.036"
525,1,"1.829","0.732","-1.097","0.551","0.397","0.958"
526,1,"1.215","0.883","-0.332","0.514","0.432","1.107"
527,1,"1.601","0.692","-0.908","0.547","0.400","0.969"
528,1,"1.655","0.733","-0.922","0.545","0.403","0.981"
529,1,"1.004","0.877","-0.127","0.501","0.444","1.163"
530,1,"1.277","0.756","-0.521","0.527","0.419","1.050"
531,1,"3.427","0.615","-2.812","0.603","0.348","0.777"
532,1,"1.203","0.685","-0.518","0.530","0.415","1.033"
533,1,"6.000","0.865","-5.135","0.825","0.139","0.235"
534,1,"1.655","0.733","-0.922","0.545","0.403","0.981"
535,1,"1.277","0.754","-0.522","0.527","0.419","1.050"
536,1,"1.601","0.692","-0.908","0.547","0.400","0.969"
537,1,"1.829","0.764","-1.065","0.548","0.400","0.970"
538,1,"1.829","0.764","-1.065","0.548","0.400","0.970"
539,1,"1.832","0.987","-0.845","0.534","0.414","1.028"
540,1,"1.579","0.720","-0.860","0.543","0.404","0.985"
541,1,"1.829","0.732","-1.097","0.551","0.397","0.958"
542,1,"1.395","0.776","-0.619","0.531","0.416","1.035"
543,1,"7.279","0.687","-6.591","0.857","0.113","0.186"
544,1,"11.902","0.711","-11.191","0.898","0.080","0.126"
545,1,"1.395","0.741","-0.653","0.534","0.413","1.022"
546,1,"1.209","0.693","-0.515","0.530","0.416","1.036"
547,1,"1.209","0.693","-0.515","0.530","0.416","1.036"
548,1,"1.655","0.733","-0.922","0.545","0.403","0.981"
549,1,"11.927","0.744","-11.183","0.896","0.081","0.128"
550,1,"1.579","0.719","-0.861","0.543","0.404","0.985"
551,1,"31.671","0.888","-30.783","0.997","0.001","0.001"
552,1,"1.579","0.721","-0.858","0.543","0.404","0.986"
553,1,"1.601","0.692","-0.908","0.547","0.400","0.969"
554,1,"1.277","0.756","-0.521","0.527","0.419","1.050"
555,1,"9.160","0.666","-8.494","0.880","0.095","0.152"
556,1,"1.579","0.720","-0.860","0.543","0.404","0.985"
557,1,"1.004","0.877","-0.127","0.501","0.444","1.163"
558,1,"1.203","0.705","-0.498","0.528","0.418","1.043"
559,1,"1.829","0.732","-1.097","0.551","0.397","0.958"
560,1,"1.203","0.682","-0.521","0.531","0.415","1.031"
561,1,"11.950","0.743","-11.207","0.896","0.081","0.129"
562,1,"1.579","0.682","-0.897","0.548","0.399","0.967"
563,1,"11.994","0.712","-11.282","0.898","0.079","0.125"
564,1,"1.203","0.719","-0.484","0.527","0.419","1.050"
565,1,"1.685","0.743","-0.942","0.545","0.403","0.980"
566,1,"1.579","0.682","-0.897","0.548","0.399","0.967"
567,1,"1.601","0.692","-0.908","0.547","0.400","0.969"
568,1,"1.829","0.764","-1.065","0.548","0.400","0.970"
569,1,"1.685","0.688","-0.997","0.551","0.397","0.956"
570,1,"1.277","0.754","-0.522","0.527","0.419","1.050"
571,1,"1.044","0.901","-0.143","0.503","0.443","1.157"
572,1,"1.579","0.720","-0.860","0.543","0.404","0.985"
573,1,"1.203","0.721","-0.482","0.526","0.420","1.051"
574,1,"3.427","0.615","-2.812","0.603","0.348","0.777"
575,1,"3.427","0.615","-2.812","0.603","0.348","0.777"
576,1,"2.971","0.643","-2.327","0.590","0.361","0.820"
577,1,"3.427","0.615","-2.812","0.603","0.348","0.777"
578,1,"2.971","0.643","-2.327","0.590","0.361","0.820"
579,1,"1.366","0.704","-0.662","0.537","0.410","1.010"
580,1,"1.366","0.686","-0.680","0.539","0.408","1.001"
581,1,"1.395","0.741","-0.653","0.534","0.413","1.022"
582,1,"8.809","0.683","-8.126","0.874","0.099","0.159"
583,1,"1.829","0.732","-1.097","0.551","0.397","0.958"
584,1,"1.685","0.688","-0.997","0.551","0.397","0.956"
585,1,"1.829","0.764","-1.065","0.548","0.400","0.970"
586,1,"24.503","0.701","-23.802","0.992","0.004","0.006"
587,1,"1.829","0.732","-1.097","0.551","0.397","0.958"
588,1,"1.203","0.686","-0.517","0.530","0.415","1.033"
589,1,"1.829","0.732","-1.097","0.551","0.397","0.958"
590,1,"1.655","0.660","-0.994","0.553","0.394","0.946"
591,1,"1.655","0.733","-0.922","0.545","0.403","0.981"
592,1,"1.579","0.704","-0.876","0.545","0.402","0.978"
593,1,"1.395","0.776","-0.619","0.531","0.416","1.035"
594,1,"10.994","0.724","-10.270","0.890","0.086","0.137"
595,1,"1.829","0.732","-1.097","0.551","0.397","0.958"
596,1,"1.685","0.704","-0.981","0.549","0.399","0.963"
597,1,"1.366","0.719","-0.647","0.535","0.412","1.017"
598,1,"2.971","0.643","-2.327","0.590","0.361","0.820"
599,1,"11.910","0.694","-11.216","0.899","0.079","0.125"
600,1,"1.741","0.665","-1.076","0.556","0.392","0.937"
601,1,"1.655","0.767","-0.888","0.542","0.406","0.994"
602,1,"1.579","0.720","-0.860","0.543","0.404","0.985"
603,1,"1.004","0.877","-0.127","0.501","0.444","1.163"
604,1,"9.250","0.777","-8.473","0.872","0.101","0.163"
605,1,"9.608","1.036","-8.572","0.861","0.108","0.176"
606,1,"1.832","0.987","-0.845","0.534","0.414","1.028"
607,1,"9.687","0.722","-8.965","0.880","0.094","0.152"
608,1,"25.154","0.779","-24.375","0.990","0.005","0.007"
609,1,"1.277","0.720","-0.557","0.530","0.416","1.035"
610,1,"1.685","0.743","-0.942","0.545","0.403","0.980"
611,1,"1.655","0.729","-0.927","0.545","0.402","0.979"
612,1,"1.277","0.756","-0.521","0.527","0.419","1.050"
613,1,"1.655","0.733","-0.922","0.545","0.403","0.981"
614,1,"1.203","0.720","-0.483","0.527","0.419","1.050"
615,1,"1.395","0.741","-0.653","0.534","0.413","1.022"
616,1,"1.655","0.733","-0.922","0.545","0.403","0.981"
617,1,"1.277","0.720","-0.557","0.530","0.416","1.035"
618,1,"1.741","0.665","-1.076","0.556","0.392","0.937"
619,1,"10.439","0.771","-9.668","0.883","0.092","0.147"
620,1,"1.366","0.686","-0.680","0.539","0.408","1.001"
621,1,"1.366","0.742","-0.624","0.533","0.414","1.027"
622,1,"1.044","0.901","-0.143","0.503","0.443","1.157"
623,1,"1.685","0.682","-1.003","0.552","0.396","0.953"
624,1,"1.655","0.733","-0.922","0.545","0.403","0.981"
625,1,"1.829","0.764","-1.065","0.548","0.400","0.970"
626,1,"8.944","0.702","-8.242","0.874","0.099","0.160"
627,1,"1.656","0.807","-0.849","0.538","0.409","1.007"
628,1,"1.366","0.686","-0.680","0.539","0.408","1.001"
629,1,"1.702","2.930","1.228","0.287","0.659","2.813"
630,1,"1.579","0.705","-0.875","0.545","0.402","0.978"
631,1,"1.203","0.720","-0.483","0.527","0.419","1.050"
632,1,"1.832","0.987","-0.845","0.534","0.414","1.028"
633,1,"5.625","0.895","-4.730","0.817","0.146","0.248"
634,1,"1.741","0.665","-1.076","0.556","0.392","0.937"
635,1,"1.685","0.688","-0.997","0.551","0.397","0.956"
636,1,"1.655","0.767","-0.888","0.542","0.406","0.994"
637,1,"5.139","0.867","-4.272","0.810","0.152","0.261"
638,1,"1.601","0.692","-0.908","0.547","0.400","0.969"
639,1,"10.407","0.722","-9.685","0.885","0.090","0.144"
640,1,"1.579","0.704","-0.876","0.545","0.402","0.978"
641,1,"1.829","0.764","-1.065","0.548","0.400","0.970"
642,1,"7.168","0.712","-6.456","0.853","0.116","0.191"
643,1,"14.570","0.749","-13.821","0.918","0.063","0.098"
644,1,"11.700","0.736","-10.964","0.894","0.083","0.131"
645,1,"1.395","0.776","-0.619","0.531","0.416","1.035"
646,1,"1.829","0.764","-1.065","0.548","0.400","0.970"
647,1,"1.366","0.682","-0.684","0.539","0.407","0.999"
648,1,"1.655","0.733","-0.922","0.545","0.403","0.981"
649,1,"1.366","0.705","-0.662","0.537","0.410","1.010"
650,1,"1.579","0.721","-0.858","0.543","0.404","0.986"
651,1,"1.395","1.021","-0.374","0.516","0.431","1.101"
652,1,"1.655","0.729","-0.927","0.545","0.402","0.979"
653,1,"14.882","22.374","7.492","0.222","0.589","2.087"
654,1,"1.203","0.704","-0.499","0.528","0.418","1.043"
655,1,"2.816","2.054","-0.762","0.356","0.590","2.088"
656,1,"1.685","0.705","-0.980","0.549","0.399","0.963"
657,1,"1.655","0.767","-0.888","0.542","0.406","0.994"
658,1,"1.655","0.767","-0.888","0.542","0.406","0.994"
659,1,"1.366","0.742","-0.624","0.533","0.414","1.027"
660,1,"1.203","0.721","-0.482","0.526","0.420","1.051"
661,1,"1.741","0.665","-1.076","0.556","0.392","0.937"
662,1,"1.277","0.756","-0.521","0.527","0.419","1.050"
663,1,"1.579","0.720","-0.860","0.543","0.404","0.985"
664,1,"1.203","0.720","-0.483","0.527","0.419","1.050"
665,1,"1.395","0.741","-0.653","0.534","0.413","1.022"
666,1,"1.685","0.682","-1.003","0.552","0.396","0.953"
667,1,"1.044","0.901","-0.143","0.503","0.443","1.157"
668,1,"2.971","0.643","-2.327","0.590","0.361","0.820"
669,1,"1.350","0.668","-0.681","0.540","0.406","0.994"
670,1,"1.579","0.682","-0.897","0.548","0.399","0.967"
671,1,"1.655","0.766","-0.890","0.542","0.406","0.993"
672,1,"1.611","2.862","1.251","0.285","0.661","2.838"
673,1,"1.395","0.741","-0.653","0.534","0.413","1.022"
674,1,"1.655","0.767","-0.888","0.542","0.406","0.994"
675,1,"1.741","0.665","-1.076","0.556","0.392","0.937"
676,1,"1.873","3.987","2.114","0.270","0.678","3.061"
677,1,"1.044","0.901","-0.143","0.503","0.443","1.157"
678,1,"1.741","0.665","-1.076","0.556","0.392","0.937"
679,1,"1.685","0.743","-0.942","0.545","0.403","0.980"
680,1,"1.829","0.764","-1.065","0.548","0.400","0.970"
681,1,"5.137","0.861","-4.276","0.810","0.152","0.260"
682,1,"1.601","0.692","-0.908","0.547","0.400","0.969"
683,1,"1.606","2.949","1.343","0.282","0.664","2.878"
684,1,"8.909","0.808","-8.101","0.866","0.106","0.172"
685,1,"1.004","0.877","-0.127","0.501","0.444","1.163"
686,1,"11.734","0.742","-10.992","0.894","0.083","0.131"
687,1,"1.741","0.665","-1.076","0.556","0.392","0.937"
688,1,"1.685","0.705","-0.980","0.549","0.399","0.963"
689,1,"1.829","0.764","-1.065","0.548","0.400","0.970"
690,1,"11.789","0.743","-11.047","0.894","0.082","0.131"
691,1,"1.655","0.767","-0.888","0.542","0.406","0.994"
692,1,"1.395","0.776","-0.619","0.531","0.416","1.035"
693,1,"1.829","0.764","-1.065","0.548","0.400","0.970"
694,1,"1.601","0.692","-0.908","0.547","0.400","0.969"
695,1,"9.220","1.035","-8.185","0.858","0.111","0.182"
696,1,"9.365","0.778","-8.588","0.873","0.100","0.161"
697,1,"2.971","0.643","-2.327","0.590","0.361","0.820"
698,1,"12.112","0.713","-11.399","0.899","0.079","0.124"
699,1,"11.988","0.743","-11.245","0.896","0.081","0.128"
700,1,"1.579","0.682","-0.897","0.548","0.399","0.967"
701,1,"1.192","3.253","2.061","0.254","0.695","3.305"
702,1,"1.655","0.733","-0.922","0.545","0.403","0.981"
703,1,"1.277","0.756","-0.521","0.527","0.419","1.050"
704,1,"19.449","0.717","-18.732","0.985","0.008","0.012"
705,1,"1.601","0.692","-0.908","0.547","0.400","0.969"
706,1,"1.277","0.756","-0.521","0.527","0.419","1.050"
707,1,"11.050","0.689","-10.361","0.893","0.084","0.133"
708,1,"1.277","0.724","-0.553","0.530","0.416","1.037"
709,1,"1.601","0.692","-0.908","0.547","0.400","0.969"
