Site,Partitions,a,b,b-a,P(a>b),P(a<b),Bayes_Factor(a<b)
1,1,2.819,0.394,-2.426,0.723,0.233,0.639
2,1,1.005,0.41,-0.596,0.643,0.303,0.913
3,1,0.999,5.552,4.552,0.077,0.883,15.8
4,1,1.359,0.447,-0.912,0.654,0.295,0.879
5,1,0.829,1.088,0.259,0.362,0.58,2.904
6,1,3.43,0.419,-3.011,0.879,0.095,0.222
7,1,1.356,0.465,-0.891,0.648,0.301,0.905
8,1,3.392,0.389,-3.003,0.885,0.091,0.21
9,1,1.316,0.44,-0.876,0.654,0.295,0.878
10,1,2.872,0.392,-2.479,0.871,0.102,0.238
11,1,6.036,0.412,-5.624,0.915,0.067,0.15
12,1,1.093,0.466,-0.627,0.626,0.321,0.991
13,1,1.023,0.432,-0.59,0.633,0.314,0.959
14,1,0.914,0.918,0.004,0.395,0.547,2.534
15,1,1.227,0.432,-0.795,0.652,0.296,0.883
16,1,0.941,0.453,-0.487,0.614,0.331,1.038
17,1,7.866,0.439,-7.427,0.928,0.056,0.125
18,1,3.167,0.386,-2.781,0.883,0.092,0.213
19,1,1.369,0.467,-0.902,0.648,0.301,0.905
20,1,0.901,5.002,4.101,0.144,0.814,9.174
21,1,1.027,0.412,-0.616,0.643,0.303,0.915
22,1,1.098,0.437,-0.661,0.637,0.31,0.943
23,1,1.369,0.467,-0.902,0.648,0.301,0.905
24,1,0.909,1.074,0.165,0.377,0.566,2.732
25,1,3.425,0.399,-3.026,0.882,0.093,0.215
26,1,1.055,0.474,-0.581,0.622,0.325,1.01
27,1,0.943,0.441,-0.503,0.619,0.326,1.013
28,1,0.938,0.475,-0.463,0.606,0.338,1.074
29,1,2.895,0.421,-2.474,0.863,0.109,0.256
30,1,1.227,0.433,-0.794,0.652,0.297,0.887
31,1,0.895,0.435,-0.46,0.616,0.328,1.027
32,1,2.82,0.396,-2.424,0.722,0.234,0.642
33,1,0.941,0.453,-0.487,0.614,0.331,1.038
34,1,1.04,0.448,-0.592,0.628,0.318,0.98
35,1,1.055,0.474,-0.581,0.622,0.325,1.01
36,1,6.129,0.429,-5.7,0.916,0.065,0.147
37,1,2.008,0.419,-1.588,0.695,0.259,0.734
38,1,1.112,0.47,-0.642,0.627,0.32,0.99
39,1,6.117,0.415,-5.701,0.915,0.067,0.15
40,1,15.205,0.441,-14.764,0.998,0.001,0.002
41,1,0.953,0.509,-0.445,0.6,0.345,1.107
42,1,2.3,0.453,-1.846,0.835,0.132,0.319
43,1,0.958,0.457,-0.501,0.615,0.33,1.036
44,1,0.95,0.444,-0.506,0.619,0.326,1.017
45,1,3.674,0.422,-3.252,0.886,0.09,0.207
46,1,1.986,0.415,-1.571,0.696,0.258,0.729
47,1,0.832,1.632,0.8,0.33,0.615,3.351
48,1,2.517,1.86,-0.657,0.467,0.482,1.955
49,1,1.022,0.421,-0.601,0.638,0.308,0.936
50,1,0.941,0.44,-0.501,0.62,0.325,1.011
51,1,0.936,0.469,-0.467,0.608,0.337,1.066
52,1,4.585,0.384,-4.201,0.907,0.073,0.164
53,1,3.256,0.389,-2.867,0.886,0.089,0.206
54,1,1.981,0.414,-1.566,0.696,0.257,0.728
55,1,1.221,0.416,-0.805,0.659,0.29,0.856
56,1,1.809,0.493,-1.316,0.809,0.155,0.384
57,1,1.016,0.424,-0.591,0.636,0.311,0.946
58,1,1.217,0.431,-0.786,0.652,0.297,0.886
59,1,5.547,0.361,-5.186,0.971,0.02,0.043
60,1,2.86,0.397,-2.462,0.872,0.101,0.237
61,1,3.682,0.388,-3.294,0.895,0.083,0.189
62,1,0.9,0.449,-0.451,0.611,0.334,1.051
63,1,1.981,0.414,-1.566,0.696,0.257,0.728
64,1,1.001,0.436,-0.566,0.63,0.316,0.968
65,1,2.82,0.394,-2.425,0.723,0.234,0.639
66,1,1.084,0.464,-0.619,0.626,0.321,0.992
67,1,1.898,0.913,-0.985,0.472,0.473,1.882
68,1,2.82,0.394,-2.425,0.723,0.234,0.639
69,1,0.9,0.449,-0.451,0.611,0.334,1.051
70,1,0.9,0.449,-0.451,0.611,0.334,1.051
71,1,17.059,0.572,-16.487,0.996,0.001,0.003
72,1,2.807,0.414,-2.393,0.865,0.107,0.251
73,1,3.234,0.417,-2.817,0.875,0.098,0.229
74,1,1.219,0.426,-0.792,0.654,0.295,0.877
75,1,1.306,0.438,-0.867,0.654,0.295,0.877
76,1,1.218,0.43,-0.788,0.652,0.296,0.883
77,1,1.219,0.426,-0.792,0.654,0.295,0.877
78,1,3.089,0.4,-2.689,0.877,0.097,0.226
79,1,1.084,0.464,-0.619,0.626,0.321,0.992
80,1,1.041,0.533,-0.508,0.606,0.341,1.084
81,1,0.889,0.423,-0.466,0.621,0.324,1.004
82,1,1.494,1.847,0.353,0.288,0.655,3.979
83,1,0.898,0.449,-0.449,0.611,0.334,1.051
84,1,5.45,0.423,-5.027,0.907,0.072,0.164
85,1,1.084,0.448,-0.636,0.632,0.315,0.966
86,1,3.673,0.372,-3.301,0.899,0.079,0.18
87,1,0.812,0.504,-0.307,0.58,0.363,1.198
88,1,3.444,0.469,-2.976,0.869,0.104,0.244
89,1,0.948,0.966,0.018,0.392,0.55,2.567
90,1,0.898,0.449,-0.449,0.611,0.334,1.051
91,1,8.609,0.478,-8.131,0.977,0.015,0.032
92,1,1.039,0.532,-0.507,0.606,0.341,1.085
93,1,1.039,0.532,-0.507,0.606,0.341,1.085
94,1,0.898,0.449,-0.449,0.611,0.334,1.051
95,1,6.116,0.423,-5.693,0.926,0.057,0.127
96,1,1.0,0.432,-0.568,0.631,0.315,0.963
97,1,1.014,0.424,-0.59,0.635,0.311,0.946
98,1,2.554,0.376,-2.178,0.87,0.102,0.24
99,1,0.932,0.451,-0.48,0.614,0.331,1.039
100,1,1.356,0.465,-0.891,0.648,0.301,0.905
101,1,2.851,0.397,-2.454,0.872,0.101,0.237
102,1,2.534,0.388,-2.146,0.863,0.109,0.256
103,1,4.541,0.383,-4.158,0.91,0.07,0.158
104,1,1.049,0.454,-0.595,0.628,0.319,0.982
105,1,1.979,0.414,-1.565,0.696,0.257,0.727
106,1,1.0,0.432,-0.568,0.631,0.315,0.963
107,1,16.539,0.418,-16.121,0.999,0.001,0.001
108,1,1.356,0.465,-0.891,0.648,0.301,0.905
109,1,1.216,0.431,-0.784,0.652,0.297,0.886
110,1,1.216,0.43,-0.786,0.652,0.296,0.883
111,1,3.636,0.408,-3.228,0.936,0.046,0.102
112,1,1.03,0.446,-0.584,0.628,0.318,0.981
113,1,7.358,0.393,-6.965,0.977,0.015,0.033
114,1,1.217,0.426,-0.791,0.654,0.295,0.876
115,1,0.887,0.43,-0.458,0.617,0.327,1.019
116,1,1.087,0.435,-0.651,0.637,0.31,0.943
117,1,3.838,0.38,-3.459,0.904,0.075,0.171
118,1,2.62,0.398,-2.222,0.864,0.107,0.252
119,1,1.013,0.43,-0.582,0.632,0.314,0.959
120,1,2.617,0.4,-2.217,0.862,0.11,0.259
121,1,1.222,0.406,-0.816,0.664,0.285,0.836
122,1,1.015,0.419,-0.595,0.638,0.308,0.936
123,1,3.078,0.413,-2.665,0.873,0.101,0.235
124,1,3.385,0.397,-2.988,0.882,0.093,0.215
125,1,3.089,0.384,-2.705,0.882,0.093,0.216
126,1,0.716,0.508,-0.208,0.559,0.382,1.297
127,1,2.787,0.443,-2.344,0.855,0.115,0.274
128,1,1.012,0.432,-0.58,0.631,0.315,0.964
129,1,1.216,0.43,-0.786,0.652,0.296,0.883
130,1,1.046,0.472,-0.574,0.621,0.325,1.011
131,1,0.898,0.449,-0.449,0.611,0.334,1.051
132,1,3.207,0.389,-2.818,0.882,0.093,0.216
133,1,1.039,0.532,-0.507,0.606,0.341,1.085
134,1,3.673,0.384,-3.29,0.896,0.082,0.187
135,1,0.903,0.951,0.048,0.39,0.552,2.588
136,1,1.219,0.416,-0.804,0.659,0.29,0.856
137,1,3.787,0.39,-3.397,0.891,0.086,0.196
138,1,1.979,0.414,-1.565,0.696,0.257,0.727
139,1,1.082,0.464,-0.618,0.626,0.321,0.992
140,1,1.049,0.454,-0.595,0.628,0.319,0.982
141,1,1.082,0.464,-0.618,0.626,0.321,0.992
142,1,3.128,0.387,-2.741,0.882,0.093,0.216
143,1,1.082,0.464,-0.618,0.626,0.321,0.992
144,1,1.359,0.447,-0.912,0.654,0.295,0.879
145,1,5.88,0.425,-5.455,0.911,0.07,0.158
146,1,3.222,0.389,-2.833,0.883,0.092,0.213
147,1,1.356,0.465,-0.891,0.648,0.301,0.905
148,1,3.081,0.388,-2.693,0.88,0.094,0.219
149,1,1.217,0.426,-0.791,0.654,0.295,0.876
150,1,3.977,0.41,-3.567,0.943,0.041,0.089
151,1,1.017,0.41,-0.608,0.643,0.303,0.914
152,1,2.857,0.366,-2.491,0.882,0.093,0.216
153,1,0.812,0.504,-0.307,0.58,0.363,1.198
154,1,1.356,0.465,-0.891,0.648,0.301,0.905
155,1,0.898,0.449,-0.449,0.611,0.334,1.051
156,1,0.934,0.438,-0.496,0.619,0.326,1.013
157,1,1.359,0.447,-0.912,0.654,0.295,0.879
158,1,1.086,0.437,-0.65,0.636,0.31,0.945
159,1,2.813,0.415,-2.398,0.862,0.109,0.257
160,1,3.415,0.397,-3.018,0.883,0.092,0.214
161,1,1.013,0.427,-0.587,0.634,0.312,0.951
162,1,3.783,0.391,-3.392,0.891,0.086,0.197
163,1,3.676,0.363,-3.313,0.903,0.076,0.172
164,1,0.929,0.467,-0.462,0.608,0.337,1.067
165,1,1.222,0.406,-0.816,0.664,0.285,0.836
166,1,0.888,0.427,-0.461,0.619,0.326,1.013
167,1,3.566,0.366,-3.201,0.896,0.082,0.187
168,1,1.087,0.435,-0.652,0.637,0.309,0.941
169,1,1.304,0.438,-0.866,0.654,0.295,0.877
170,1,1.049,0.454,-0.595,0.628,0.319,0.982
171,1,3.762,0.418,-3.344,0.883,0.092,0.213
172,1,0.922,1.158,0.236,0.372,0.571,2.792
173,1,3.193,0.364,-2.829,0.891,0.086,0.197
174,1,1.037,0.531,-0.505,0.606,0.341,1.085
175,1,1.214,0.426,-0.789,0.654,0.295,0.876
176,1,1.356,0.446,-0.909,0.654,0.295,0.879
177,1,5.269,0.387,-4.882,0.921,0.061,0.137
178,1,0.998,0.435,-0.563,0.63,0.316,0.968
179,1,0.932,0.438,-0.494,0.619,0.326,1.015
180,1,1.079,0.463,-0.616,0.626,0.321,0.992
181,1,1.722,0.456,-1.266,0.805,0.157,0.392
182,1,4.563,0.388,-4.175,0.906,0.074,0.167
183,1,1.213,0.43,-0.783,0.652,0.297,0.886
184,1,0.925,0.5,-0.425,0.598,0.347,1.114
185,1,3.23,0.365,-2.865,0.89,0.087,0.199
186,1,0.962,1.269,0.307,0.368,0.575,2.841
187,1,1.079,0.463,-0.616,0.626,0.321,0.992
188,1,2.609,0.398,-2.211,0.864,0.108,0.253
189,1,3.07,0.389,-2.68,0.88,0.095,0.22
190,1,0.715,0.507,-0.207,0.559,0.382,1.298
191,1,1.346,0.523,-0.823,0.633,0.316,0.971
192,1,1.044,0.472,-0.572,0.621,0.325,1.011
193,1,4.509,0.383,-4.126,0.907,0.073,0.165
194,1,1.011,0.426,-0.585,0.634,0.312,0.951
195,1,1.079,0.463,-0.616,0.626,0.321,0.992
196,1,1.037,0.531,-0.505,0.606,0.341,1.085
197,1,1.976,0.413,-1.563,0.697,0.257,0.727
198,1,1.759,0.456,-1.303,0.807,0.156,0.387
199,1,4.287,0.418,-3.869,0.897,0.081,0.185
200,1,1.219,0.406,-0.814,0.664,0.285,0.835
201,1,1.044,0.472,-0.572,0.621,0.325,1.011
202,1,0.715,0.507,-0.207,0.559,0.382,1.298
203,1,3.474,0.395,-3.079,0.888,0.088,0.203
204,1,1.213,0.429,-0.784,0.652,0.296,0.883
205,1,0.928,0.472,-0.456,0.606,0.339,1.075
206,1,2.549,0.385,-2.164,0.867,0.105,0.247
207,1,0.927,0.501,-0.426,0.598,0.347,1.114
208,1,2.876,0.365,-2.51,0.883,0.092,0.213
209,1,1.096,0.982,-0.114,0.411,0.532,2.383
210,1,0.885,0.439,-0.447,0.613,0.331,1.039
211,1,3.352,0.383,-2.969,0.889,0.087,0.201
212,1,5.479,0.475,-5.003,0.899,0.079,0.181
213,1,1.086,0.435,-0.651,0.637,0.31,0.943
214,1,5.523,0.365,-5.159,0.97,0.021,0.044
215,1,0.886,0.433,-0.453,0.615,0.329,1.027
216,1,1.086,0.437,-0.649,0.636,0.31,0.945
217,1,2.637,0.4,-2.238,0.862,0.109,0.258
218,1,1.216,0.426,-0.79,0.654,0.295,0.876
219,1,0.931,0.451,-0.48,0.614,0.331,1.039
220,1,1.221,0.406,-0.815,0.664,0.285,0.836
221,1,2.447,0.449,-1.997,0.85,0.119,0.285
222,1,0.716,0.508,-0.208,0.559,0.382,1.297
223,1,1.014,0.419,-0.595,0.638,0.308,0.936
224,1,2.819,0.394,-2.426,0.723,0.233,0.639
225,1,3.077,0.4,-2.678,0.877,0.097,0.227
226,1,1.048,0.454,-0.595,0.628,0.319,0.982
227,1,0.886,0.435,-0.451,0.614,0.33,1.033
228,1,2.669,1.173,-1.496,0.66,0.278,0.81
229,1,1.084,0.435,-0.65,0.637,0.309,0.941
230,1,1.217,0.415,-0.802,0.659,0.29,0.856
231,1,1.078,0.469,-0.61,0.624,0.323,0.999
232,1,0.932,0.438,-0.494,0.619,0.326,1.015
233,1,0.932,0.438,-0.494,0.619,0.326,1.013
234,1,0.715,0.507,-0.207,0.559,0.382,1.298
235,1,1.356,0.446,-0.909,0.654,0.295,0.879
236,1,1.218,1.145,-0.073,0.403,0.54,2.463
237,1,2.599,0.399,-2.2,0.861,0.11,0.26
238,1,1.213,0.43,-0.783,0.652,0.297,0.886
239,1,1.213,0.429,-0.784,0.652,0.296,0.883
240,1,1.084,0.436,-0.648,0.636,0.31,0.945
241,1,1.213,0.429,-0.784,0.652,0.296,0.883
242,1,1.301,0.437,-0.863,0.655,0.295,0.877
243,1,0.998,0.432,-0.566,0.631,0.315,0.963
244,1,0.884,0.438,-0.445,0.613,0.331,1.039
245,1,0.79,0.938,0.148,0.373,0.569,2.772
246,1,1.353,0.464,-0.889,0.648,0.301,0.905
247,1,1.346,0.523,-0.823,0.633,0.316,0.971
248,1,1.181,1.082,-0.1,0.407,0.536,2.425
249,1,1.976,0.413,-1.563,0.697,0.257,0.727
250,1,1.976,0.413,-1.563,0.697,0.257,0.727
251,1,1.213,0.43,-0.783,0.652,0.297,0.886
252,1,1.009,0.435,-0.574,0.63,0.316,0.97
253,1,1.213,0.43,-0.783,0.652,0.297,0.886
254,1,1.047,0.453,-0.593,0.628,0.319,0.982
255,1,1.213,0.431,-0.782,0.652,0.297,0.886
256,1,0.78,0.504,-0.275,0.573,0.369,1.227
257,1,0.929,0.451,-0.478,0.614,0.331,1.04
258,1,1.301,0.437,-0.863,0.655,0.295,0.877
259,1,1.01,0.432,-0.578,0.631,0.315,0.964
260,1,6.222,0.383,-5.838,0.973,0.019,0.04
261,1,1.356,0.446,-0.909,0.654,0.295,0.879
262,1,4.632,0.387,-4.245,0.91,0.071,0.16
263,1,1.015,0.409,-0.606,0.643,0.303,0.914
264,1,1.011,0.426,-0.585,0.634,0.312,0.951
265,1,4.952,0.413,-4.54,0.957,0.03,0.064
266,1,3.848,0.387,-3.461,0.897,0.081,0.184
267,1,2.819,0.393,-2.426,0.724,0.233,0.638
268,1,2.758,0.383,-2.375,0.874,0.1,0.233
269,1,2.785,0.414,-2.372,0.865,0.107,0.252
270,1,0.884,0.438,-0.445,0.613,0.331,1.039
271,1,2.842,0.496,-2.346,0.688,0.268,0.767
272,1,0.789,0.961,0.172,0.37,0.572,2.808
273,1,1.219,0.406,-0.814,0.664,0.285,0.835
274,1,1.097,0.908,-0.189,0.42,0.523,2.297
275,1,1.079,0.463,-0.616,0.626,0.321,0.992
276,1,1.219,0.406,-0.814,0.664,0.285,0.835
277,1,0.927,0.467,-0.46,0.608,0.337,1.067
278,1,6.364,0.369,-5.996,0.976,0.017,0.036
279,1,1.009,0.435,-0.574,0.63,0.316,0.97
280,1,0.926,0.472,-0.454,0.606,0.339,1.076
281,1,3.07,0.388,-2.682,0.88,0.095,0.219
282,1,2.79,0.39,-2.4,0.872,0.101,0.236
283,1,1.084,0.435,-0.649,0.637,0.31,0.943
284,1,5.569,0.354,-5.215,0.972,0.019,0.042
285,1,7.329,0.38,-6.948,0.98,0.014,0.029
286,1,0.926,0.472,-0.454,0.606,0.339,1.076
287,1,0.927,0.467,-0.46,0.608,0.337,1.067
288,1,0.962,1.234,0.272,0.369,0.575,2.834
289,1,1.356,0.446,-0.909,0.654,0.295,0.879
290,1,0.932,0.438,-0.494,0.62,0.325,1.012
291,1,1.078,0.469,-0.61,0.624,0.323,0.999
292,1,1.078,0.469,-0.61,0.624,0.323,0.999
293,1,3.711,0.385,-3.326,0.896,0.081,0.186
294,1,1.011,0.423,-0.588,0.635,0.311,0.946
295,1,1.084,0.436,-0.648,0.636,0.31,0.945
296,1,1.217,0.415,-0.802,0.659,0.29,0.856
297,1,0.89,0.981,0.091,0.386,0.556,2.631
298,1,1.213,0.429,-0.784,0.652,0.296,0.883
299,1,0.844,2.337,1.493,0.205,0.744,6.084
300,1,1.009,0.435,-0.574,0.63,0.316,0.97
301,1,1.213,0.43,-0.783,0.652,0.297,0.886
302,1,0.929,0.451,-0.478,0.614,0.331,1.04
303,1,1.015,0.409,-0.606,0.643,0.303,0.914
304,1,0.915,1.065,0.15,0.379,0.563,2.706
305,1,1.721,0.456,-1.265,0.805,0.158,0.392
306,1,1.079,0.463,-0.616,0.626,0.321,0.992
307,1,0.932,0.438,-0.494,0.619,0.326,1.015
308,1,2.634,0.385,-2.249,0.867,0.105,0.248
309,1,0.926,0.472,-0.454,0.606,0.339,1.076
310,1,2.842,0.496,-2.346,0.688,0.268,0.767
311,1,0.885,0.429,-0.456,0.617,0.327,1.019
312,1,4.51,0.386,-4.124,0.909,0.071,0.161
313,1,4.627,0.387,-4.239,0.91,0.071,0.159
314,1,2.041,0.45,-1.591,0.824,0.141,0.345
315,1,2.819,0.393,-2.426,0.724,0.233,0.638
316,1,2.819,0.393,-2.426,0.724,0.233,0.638
317,1,2.758,0.383,-2.375,0.874,0.1,0.233
318,1,1.012,0.421,-0.591,0.637,0.31,0.941
319,1,0.78,0.504,-0.275,0.573,0.369,1.227
320,1,1.013,0.419,-0.594,0.638,0.308,0.936
321,1,5.27,0.388,-4.882,0.921,0.061,0.137
322,1,1.353,0.464,-0.889,0.648,0.301,0.905
323,1,6.354,0.351,-6.002,0.977,0.016,0.034
324,1,1.065,0.477,-0.588,0.622,0.325,1.009
325,1,4.467,3.404,-1.064,0.472,0.428,1.573
326,1,4.202,0.418,-3.783,0.895,0.083,0.19
327,1,0.927,1.041,0.115,0.382,0.561,2.679
328,1,0.94,1.086,0.147,0.381,0.562,2.693
329,1,0.939,2.656,1.717,0.203,0.746,6.17
330,1,0.953,0.479,-0.474,0.607,0.338,1.071
331,1,1.111,0.47,-0.642,0.627,0.32,0.99
332,1,1.385,0.531,-0.853,0.633,0.316,0.969
333,1,3.949,0.394,-3.555,0.892,0.085,0.194
334,1,1.385,0.531,-0.853,0.633,0.316,0.969
335,1,0.974,0.992,0.018,0.393,0.549,2.555
336,1,0.911,0.427,-0.483,0.621,0.323,1.002
337,1,2.261,2.748,0.487,0.564,0.376,1.263
338,1,3.128,0.398,-2.73,0.88,0.095,0.22
339,1,0.931,3.713,2.782,0.17,0.783,7.583
340,1,2.966,0.402,-2.565,0.873,0.1,0.233
341,1,0.976,1.176,0.2,0.378,0.565,2.721
342,1,1.391,0.471,-0.92,0.648,0.301,0.906
343,1,1.023,0.437,-0.586,0.632,0.314,0.963
344,1,0.942,3.545,2.603,0.177,0.775,7.23
345,1,0.992,1.376,0.383,0.365,0.579,2.885
346,1,1.019,1.128,0.109,0.385,0.558,2.652
347,1,1.275,1.359,0.084,0.393,0.551,2.575
348,1,10.382,1.022,-9.361,0.943,0.033,0.072
349,1,2.821,0.399,-2.421,0.721,0.236,0.648
350,1,3.807,0.368,-3.438,0.903,0.076,0.173
351,1,1.11,0.475,-0.635,0.625,0.322,0.997
352,1,1.244,0.436,-0.809,0.652,0.297,0.888
353,1,2.676,0.371,-2.305,0.876,0.098,0.228
354,1,1.245,0.435,-0.809,0.652,0.296,0.884
355,1,0.908,0.44,-0.468,0.615,0.329,1.031
356,1,0.921,0.454,-0.467,0.612,0.333,1.048
357,1,1.391,0.471,-0.92,0.648,0.301,0.906
358,1,4.484,0.478,-4.006,0.889,0.088,0.201
359,1,1.038,0.437,-0.601,0.632,0.315,0.963
360,1,0.929,0.455,-0.474,0.612,0.333,1.046
361,1,0.885,0.433,-0.452,0.615,0.329,1.028
362,1,1.725,0.456,-1.269,0.805,0.157,0.392
363,1,2.785,0.418,-2.367,0.864,0.108,0.254
364,1,1.084,0.435,-0.65,0.637,0.309,0.941
365,1,1.015,0.409,-0.606,0.643,0.303,0.914
366,1,1.013,0.419,-0.594,0.638,0.308,0.936
367,1,1.213,0.431,-0.782,0.652,0.297,0.886
368,1,11.188,0.405,-10.783,0.987,0.009,0.019
369,1,3.744,0.389,-3.355,0.891,0.086,0.197
370,1,0.81,0.504,-0.306,0.579,0.363,1.199
371,1,0.884,0.438,-0.445,0.613,0.331,1.039
372,1,1.025,0.44,-0.585,0.631,0.316,0.968
373,1,1.214,0.426,-0.789,0.654,0.295,0.876
374,1,1.047,0.453,-0.593,0.628,0.319,0.982
375,1,3.485,0.386,-3.099,0.892,0.085,0.195
376,1,1.229,1.238,0.01,0.398,0.546,2.523
377,1,0.926,0.472,-0.454,0.606,0.339,1.076
378,1,1.079,0.463,-0.616,0.626,0.321,0.992
379,1,1.082,0.448,-0.634,0.631,0.315,0.966
380,1,4.471,0.386,-4.084,0.906,0.074,0.168
381,1,0.963,1.212,0.249,0.372,0.571,2.797
382,1,1.084,0.436,-0.648,0.636,0.31,0.945
383,1,0.793,0.85,0.056,0.386,0.555,2.622
384,1,2.458,1.029,-1.429,0.659,0.28,0.816
385,1,9.166,0.863,-8.303,0.944,0.035,0.076
386,1,4.15,1.444,-2.706,0.689,0.249,0.697
387,1,1.084,0.436,-0.648,0.636,0.31,0.945
388,1,1.346,0.523,-0.823,0.633,0.316,0.971
389,1,0.926,0.472,-0.454,0.606,0.339,1.076
390,1,2.79,0.389,-2.401,0.872,0.101,0.235
391,1,1.237,1.26,0.023,0.397,0.547,2.533
392,1,1.015,0.409,-0.606,0.643,0.303,0.914
393,1,1.356,0.446,-0.909,0.654,0.295,0.879
394,1,2.785,0.414,-2.372,0.865,0.107,0.252
395,1,0.931,0.439,-0.492,0.618,0.326,1.017
396,1,1.025,0.44,-0.585,0.631,0.316,0.968
397,1,0.78,0.504,-0.275,0.573,0.369,1.227
398,1,1.011,0.426,-0.585,0.634,0.312,0.951
399,1,2.819,0.393,-2.426,0.724,0.233,0.638
400,1,0.998,0.432,-0.566,0.631,0.315,0.963
401,1,3.357,0.397,-2.961,0.882,0.093,0.216
402,1,1.301,0.437,-0.863,0.655,0.295,0.877
403,1,1.219,0.406,-0.814,0.664,0.285,0.835
404,1,7.587,1.123,-6.464,0.896,0.065,0.147
405,1,3.069,0.388,-2.681,0.88,0.095,0.22
406,1,3.757,0.389,-3.368,0.891,0.086,0.197
407,1,1.078,0.469,-0.61,0.624,0.323,0.999
408,1,2.844,1.069,-1.775,0.678,0.263,0.749
409,1,1.011,0.423,-0.588,0.635,0.311,0.946
410,1,1.134,0.496,-0.638,0.623,0.324,1.007
411,1,3.308,0.382,-2.926,0.885,0.09,0.208
412,1,1.224,0.432,-0.792,0.652,0.297,0.887
413,1,0.787,0.507,-0.28,0.574,0.368,1.223
414,1,2.178,0.485,-1.692,0.83,0.137,0.334
415,1,1.367,0.467,-0.9,0.648,0.301,0.905
416,1,0.936,0.475,-0.461,0.606,0.338,1.074
417,1,1.091,0.466,-0.625,0.626,0.321,0.991
418,1,0.787,0.507,-0.28,0.574,0.368,1.223
419,1,5.102,0.385,-4.717,0.924,0.059,0.133
420,1,1.093,0.45,-0.643,0.632,0.315,0.966
421,1,0.925,1.059,0.134,0.381,0.561,2.685
422,1,1.057,0.455,-0.601,0.628,0.319,0.981
423,1,0.832,1.226,0.393,0.353,0.591,3.031
424,1,3.971,0.845,-3.126,0.768,0.185,0.476
425,1,1.367,0.467,-0.9,0.648,0.301,0.905
426,1,0.924,1.109,0.185,0.377,0.566,2.734
427,1,1.174,1.015,-0.159,0.414,0.529,2.356
428,1,0.941,0.44,-0.501,0.62,0.325,1.011
429,1,1.038,0.447,-0.591,0.628,0.318,0.98
430,1,1.37,0.449,-0.921,0.654,0.295,0.88
431,1,1.988,0.415,-1.572,0.696,0.258,0.729
432,1,1.021,0.428,-0.593,0.634,0.312,0.951
433,1,1.093,0.45,-0.643,0.632,0.315,0.966
434,1,1.36,0.526,-0.834,0.633,0.316,0.97
435,1,1.313,0.44,-0.874,0.654,0.295,0.878
436,1,1.892,2.695,0.803,0.54,0.399,1.392
437,1,1.021,0.428,-0.593,0.634,0.312,0.951
438,1,1.04,0.448,-0.592,0.628,0.318,0.98
439,1,1.226,0.433,-0.794,0.652,0.297,0.887
440,1,0.911,0.948,0.037,0.392,0.551,2.571
441,1,1.025,0.411,-0.614,0.643,0.303,0.914
442,1,0.931,0.44,-0.491,0.618,0.327,1.019
443,1,1.353,0.464,-0.889,0.648,0.301,0.905
444,1,0.797,1.105,0.308,0.358,0.585,2.961
445,1,1.078,0.469,-0.61,0.624,0.323,0.999
446,1,1.082,0.448,-0.634,0.631,0.315,0.966
447,1,3.465,0.38,-3.085,0.889,0.087,0.2
448,1,0.81,0.504,-0.306,0.579,0.363,1.199
449,1,1.01,0.432,-0.578,0.631,0.315,0.964
450,1,5.89,0.477,-5.412,0.902,0.076,0.174
451,1,1.015,0.409,-0.606,0.643,0.303,0.914
452,1,1.009,0.435,-0.574,0.63,0.316,0.97
453,1,0.932,0.438,-0.494,0.62,0.325,1.012
454,1,0.926,0.472,-0.454,0.606,0.339,1.076
455,1,1.346,0.523,-0.823,0.633,0.316,0.971
456,1,3.161,0.373,-2.788,0.887,0.089,0.204
457,1,9.156,0.388,-8.768,0.985,0.01,0.022
458,1,1.084,0.435,-0.65,0.637,0.309,0.941
459,1,1.213,0.429,-0.784,0.652,0.296,0.883
460,1,2.842,0.496,-2.346,0.688,0.268,0.767
461,1,6.219,0.383,-5.836,0.973,0.019,0.04
462,1,0.901,0.962,0.061,0.388,0.554,2.605
463,1,2.819,0.393,-2.426,0.724,0.233,0.638
464,1,1.027,0.445,-0.582,0.628,0.318,0.981
465,1,1.353,0.464,-0.889,0.648,0.301,0.905
466,1,3.808,0.389,-3.419,0.892,0.085,0.195
467,1,1.213,0.43,-0.783,0.652,0.297,0.886
468,1,1.082,0.448,-0.634,0.631,0.315,0.966
469,1,13.965,0.432,-13.534,0.998,0.001,0.002
470,1,1.168,2.064,0.896,0.351,0.595,3.084
471,1,1.096,0.948,-0.149,0.415,0.527,2.341
472,1,2.757,0.388,-2.369,0.872,0.101,0.236
473,1,0.927,0.467,-0.46,0.608,0.337,1.067
474,1,1.015,0.409,-0.606,0.643,0.303,0.914
475,1,6.778,0.428,-6.35,0.975,0.017,0.035
476,1,3.34,0.386,-2.954,0.888,0.088,0.203
477,1,4.811,0.389,-4.422,0.908,0.072,0.162
478,1,0.89,4.733,3.843,0.142,0.816,9.288
479,1,2.842,0.496,-2.346,0.688,0.268,0.767
480,1,1.012,0.421,-0.591,0.637,0.31,0.941
481,1,2.67,1.027,-1.643,0.677,0.264,0.752
482,1,0.927,0.467,-0.46,0.608,0.337,1.067
483,1,0.89,0.948,0.059,0.39,0.552,2.59
484,1,1.213,0.431,-0.782,0.652,0.297,0.886
485,1,3.617,0.399,-3.218,0.891,0.086,0.198
486,1,1.213,0.429,-0.784,0.652,0.296,0.883
487,1,1.301,0.437,-0.863,0.655,0.295,0.877
488,1,3.817,0.361,-3.455,0.909,0.071,0.161
489,1,3.074,0.384,-2.69,0.881,0.094,0.216
490,1,1.346,0.523,-0.823,0.633,0.316,0.971
491,1,5.109,0.387,-4.722,0.917,0.065,0.145
492,1,1.346,0.523,-0.823,0.633,0.316,0.971
493,1,0.931,0.439,-0.492,0.618,0.326,1.017
494,1,1.035,0.413,-0.622,0.643,0.304,0.915
495,1,1.326,0.442,-0.884,0.654,0.295,0.878
496,1,0.951,0.442,-0.509,0.62,0.325,1.01
497,1,2.894,0.417,-2.476,0.867,0.105,0.247
498,1,3.383,1.359,-2.023,0.695,0.251,0.704
499,1,2.898,0.393,-2.504,0.874,0.1,0.232
500,1,1.244,0.41,-0.834,0.664,0.285,0.838
501,1,1.068,0.458,-0.61,0.628,0.318,0.981
502,1,2.746,2.708,-0.037,0.443,0.462,1.804
503,1,0.952,0.444,-0.509,0.619,0.326,1.015
504,1,2.843,0.503,-2.341,0.686,0.269,0.771
505,1,6.141,0.414,-5.726,0.915,0.066,0.149
506,1,3.366,0.387,-2.978,0.889,0.088,0.201
507,1,1.032,0.439,-0.592,0.63,0.316,0.969
508,1,1.104,0.474,-0.63,0.625,0.322,0.997
509,1,1.104,0.468,-0.636,0.626,0.321,0.99
510,1,1.107,0.452,-0.655,0.632,0.315,0.965
511,1,7.946,0.375,-7.571,0.983,0.012,0.025
512,1,0.953,0.443,-0.51,0.62,0.325,1.01
513,1,1.861,0.458,-1.403,0.813,0.15,0.371
514,1,1.051,0.45,-0.601,0.628,0.318,0.98
515,1,4.324,0.401,-3.922,0.905,0.074,0.168
516,1,1.316,0.44,-0.876,0.654,0.295,0.878
517,1,0.907,0.451,-0.456,0.611,0.333,1.05
518,1,1.093,0.466,-0.627,0.626,0.321,0.991
519,1,2.843,0.5,-2.343,0.687,0.268,0.769
520,1,1.99,0.416,-1.574,0.696,0.258,0.73
521,1,7.071,0.381,-6.689,0.977,0.016,0.034
522,1,3.517,0.374,-3.143,0.895,0.082,0.188
523,1,1.022,0.434,-0.588,0.631,0.315,0.964
524,1,4.618,0.391,-4.227,0.906,0.074,0.167
525,1,0.943,0.44,-0.503,0.62,0.325,1.011
526,1,1.024,0.426,-0.598,0.636,0.311,0.946
527,1,0.941,0.453,-0.487,0.614,0.331,1.038
528,1,0.943,0.441,-0.502,0.619,0.326,1.013
529,1,2.85,0.416,-2.434,0.866,0.106,0.249
530,1,1.048,0.535,-0.513,0.606,0.34,1.083
531,1,0.895,0.435,-0.46,0.616,0.328,1.027
532,1,1.23,0.418,-0.813,0.659,0.29,0.857
533,1,3.692,0.404,-3.288,0.89,0.086,0.198
534,1,1.091,0.466,-0.625,0.626,0.321,0.991
535,1,1.025,0.411,-0.614,0.643,0.303,0.915
536,1,1.019,0.437,-0.582,0.63,0.316,0.969
537,1,4.374,0.392,-3.981,0.899,0.079,0.181
538,1,1.021,0.432,-0.589,0.633,0.314,0.959
539,1,1.224,0.433,-0.791,0.652,0.297,0.887
540,1,0.941,0.44,-0.501,0.62,0.325,1.011
541,1,1.367,0.467,-0.9,0.648,0.301,0.905
542,1,1.082,0.448,-0.634,0.631,0.315,0.966
543,1,0.977,1.213,0.236,0.373,0.57,2.781
544,1,1.356,0.446,-0.909,0.654,0.295,0.879
545,1,1.158,2.449,1.291,0.236,0.709,5.114
546,1,3.262,0.378,-2.885,0.886,0.09,0.207
547,1,2.785,0.418,-2.367,0.864,0.108,0.254
548,1,6.114,0.398,-5.716,0.927,0.057,0.126
549,1,1.095,0.893,-0.203,0.423,0.52,2.271
550,1,1.346,0.523,-0.823,0.633,0.316,0.971
551,1,4.047,0.407,-3.64,0.945,0.04,0.086
552,1,13.682,0.413,-13.269,0.998,0.001,0.001
553,1,5.515,0.36,-5.156,0.971,0.02,0.043
554,1,1.047,0.453,-0.593,0.628,0.319,0.982
555,1,0.929,0.451,-0.478,0.614,0.331,1.04
556,1,0.885,0.433,-0.452,0.615,0.329,1.028
557,1,1.079,0.463,-0.616,0.626,0.321,0.992
558,1,1.217,0.415,-0.802,0.659,0.29,0.856
559,1,1.346,0.523,-0.823,0.633,0.316,0.971
560,1,1.353,0.464,-0.889,0.648,0.301,0.905
561,1,1.214,0.426,-0.789,0.654,0.295,0.876
562,1,1.976,0.413,-1.563,0.697,0.257,0.727
563,1,1.01,0.43,-0.58,0.632,0.314,0.959
564,1,1.079,0.463,-0.616,0.626,0.321,0.992
565,1,2.963,0.391,-2.572,0.873,0.1,0.234
566,1,2.745,0.939,-1.806,0.694,0.249,0.697
567,1,2.758,0.378,-2.38,0.876,0.098,0.229
568,1,0.81,0.504,-0.306,0.579,0.363,1.199
569,1,0.926,1.295,0.368,0.364,0.58,2.895
570,1,1.079,0.463,-0.616,0.626,0.321,0.992
571,1,1.044,0.472,-0.572,0.621,0.325,1.011
572,1,2.392,3.04,0.648,0.405,0.502,2.119
573,1,2.842,0.496,-2.346,0.688,0.268,0.767
574,1,4.049,0.386,-3.662,0.905,0.075,0.169
575,1,1.976,0.413,-1.563,0.697,0.257,0.727
576,1,1.213,0.429,-0.784,0.652,0.296,0.883
577,1,1.796,0.491,-1.304,0.808,0.155,0.385
578,1,1.009,0.435,-0.574,0.63,0.316,0.97
579,1,1.047,0.453,-0.593,0.628,0.319,0.982
580,1,1.979,0.414,-1.565,0.696,0.257,0.727
581,1,2.797,0.418,-2.379,0.864,0.108,0.254
582,1,2.82,0.402,-2.419,0.867,0.106,0.248
583,1,1.217,0.426,-0.791,0.654,0.295,0.876
584,1,1.215,0.431,-0.785,0.652,0.297,0.886
585,1,0.959,0.451,-0.508,0.617,0.328,1.025
586,1,1.114,0.47,-0.644,0.627,0.32,0.989
587,1,2.888,0.393,-2.495,0.874,0.1,0.232
588,1,2.01,0.42,-1.59,0.695,0.259,0.734
589,1,1.339,0.444,-0.895,0.654,0.295,0.879
590,1,2.892,0.371,-2.522,0.882,0.093,0.215
591,1,6.31,0.433,-5.877,0.917,0.065,0.145
592,1,0.792,0.51,-0.282,0.574,0.368,1.223
593,1,0.953,0.443,-0.511,0.62,0.325,1.01
594,1,5.527,0.379,-5.148,0.926,0.058,0.128
595,1,1.032,0.44,-0.593,0.63,0.316,0.969
596,1,1.066,0.477,-0.589,0.622,0.325,1.009
597,1,2.001,0.418,-1.583,0.695,0.259,0.732
598,1,5.008,0.833,-4.175,0.785,0.172,0.435
599,1,1.072,0.458,-0.614,0.629,0.318,0.979
600,1,1.382,0.531,-0.852,0.633,0.316,0.969
601,1,1.101,0.442,-0.66,0.636,0.311,0.949
602,1,1.232,0.429,-0.803,0.654,0.295,0.877
