Site,Partition,alpha,beta (Malaysia),beta (Bangladesh),subs (Malaysia),subs (Bangladesh),P-value (overall),Q-value (overall),Permutation p-value,Total branch length
1,1,"0.000","0.000","0.000","1.000","1.000","1.000","1.000","1.000","0.000"
2,1,"0.000","0.000","0.000","1.000","1.000","1.000","1.000","1.000","0.000"
3,1,"0.000","0.000","0.000","1.000","1.000","1.000","1.000","1.000","0.000"
4,1,"0.000","0.000","0.000","1.000","1.000","1.000","1.000","1.000","0.000"
5,1,"0.000","0.000","0.000","1.000","1.000","1.000","1.000","1.000","0.000"
6,1,"0.000","0.000","0.000","1.000","1.000","1.000","1.000","1.000","0.000"
7,1,"2.854","0.000","0.000","0.000","1.000","0.987","1.000","-1.000","0.328"
8,1,"0.000","0.000","0.000","1.000","1.000","1.000","1.000","1.000","0.000"
9,1,"0.000","0.000","0.000","1.000","1.000","1.000","1.000","1.000","0.000"
10,1,"0.000","0.000","0.000","1.000","1.000","1.000","1.000","1.000","0.000"
11,1,"0.000","0.000","0.000","1.000","1.000","1.000","1.000","1.000","0.000"
12,1,"0.000","0.000","0.000","1.000","1.000","1.000","1.000","1.000","0.000"
13,1,"0.000","0.000","0.000","1.000","1.000","1.000","1.000","1.000","0.000"
14,1,"0.000","0.000","0.000","1.000","1.000","1.000","1.000","1.000","0.000"
15,1,"0.000","0.000","0.000","1.000","1.000","1.000","1.000","1.000","0.000"
16,1,"0.000","0.000","0.000","1.000","1.000","1.000","1.000","1.000","0.000"
17,1,"0.000","0.000","0.000","1.000","1.000","1.000","1.000","1.000","0.000"
18,1,"0.000","0.000","0.000","1.000","1.000","1.000","1.000","1.000","0.000"
19,1,"0.000","0.000","0.000","1.000","1.000","1.000","1.000","1.000","0.000"
20,1,"0.000","0.000","0.000","1.000","1.000","1.000","1.000","1.000","0.000"
21,1,"0.000","0.000","0.000","1.000","1.000","1.000","1.000","1.000","0.000"
22,1,"0.000","0.000","0.000","1.000","1.000","1.000","1.000","1.000","0.000"
23,1,"0.000","0.000","0.000","1.000","1.000","1.000","1.000","1.000","0.000"
24,1,"0.000","0.000","0.000","1.000","1.000","1.000","1.000","1.000","0.000"
25,1,"0.000","0.000","0.000","1.000","1.000","1.000","1.000","1.000","0.000"
26,1,"0.000","0.000","0.000","1.000","1.000","1.000","1.000","1.000","0.000"
27,1,"0.000","0.000","0.000","1.000","1.000","1.000","1.000","1.000","0.000"
28,1,"0.000","0.000","0.000","1.000","1.000","1.000","1.000","1.000","0.000"
29,1,"0.000","0.000","0.000","1.000","1.000","1.000","1.000","1.000","0.000"
30,1,"3.220","0.000","0.000","0.000","1.000","0.990","1.000","-1.000","0.370"
31,1,"0.000","0.000","0.000","1.000","1.000","1.000","1.000","1.000","0.000"
32,1,"3.117","0.000","0.000","1.000","0.000","0.998","1.000","-1.000","0.358"
33,1,"4.595","0.000","0.000","0.000","1.000","0.888","1.000","-1.000","0.528"
34,1,"0.000","0.000","0.000","1.000","1.000","1.000","1.000","1.000","0.000"
35,1,"0.000","0.000","0.000","1.000","1.000","1.000","1.000","1.000","0.000"
36,1,"0.000","0.000","0.000","1.000","1.000","1.000","1.000","1.000","0.000"
37,1,"0.000","0.000","0.000","1.000","1.000","1.000","1.000","1.000","0.000"
38,1,"0.000","0.000","0.000","1.000","1.000","1.000","1.000","1.000","0.000"
39,1,"0.000","0.000","0.000","1.000","1.000","1.000","1.000","1.000","0.000"
40,1,"3.127","0.000","0.000","1.000","0.000","0.993","1.000","-1.000","0.359"
41,1,"0.000","13.437","0.000","1.000","0.000","0.046","1.000","0.500","0.604"
42,1,"0.000","0.000","0.000","1.000","1.000","1.000","1.000","1.000","0.000"
43,1,"0.000","0.000","0.000","1.000","1.000","1.000","1.000","1.000","0.000"
44,1,"3.700","0.000","0.000","0.000","1.000","0.942","1.000","-1.000","0.425"
45,1,"0.000","0.000","0.000","1.000","1.000","1.000","1.000","1.000","0.000"
46,1,"2.936","0.000","0.000","0.000","1.000","0.993","1.000","-1.000","0.337"
47,1,"5.737","0.000","0.000","0.000","1.000","0.947","1.000","-1.000","0.659"
48,1,"0.000","0.000","0.000","1.000","1.000","1.000","1.000","1.000","0.000"
49,1,"1.504","0.000","0.000","0.000","1.000","0.935","1.000","-1.000","0.173"
50,1,"0.000","0.000","0.000","1.000","1.000","1.000","1.000","1.000","0.000"
51,1,"0.000","0.000","0.000","1.000","1.000","1.000","1.000","1.000","0.000"
52,1,"0.000","7.168","0.000","1.000","0.000","0.074","1.000","1.000","0.322"
53,1,"0.000","0.000","0.000","1.000","1.000","1.000","1.000","1.000","0.000"
54,1,"0.000","0.000","0.000","1.000","1.000","1.000","1.000","1.000","0.000"
55,1,"0.000","0.000","0.000","1.000","1.000","1.000","1.000","1.000","0.000"
56,1,"0.000","0.000","1.840","0.000","1.000","0.526","1.000","-1.000","0.397"
57,1,"0.000","0.000","0.000","1.000","1.000","1.000","1.000","1.000","0.000"
58,1,"0.000","0.000","3.492","0.000","1.000","0.514","1.000","-1.000","0.754"
59,1,"0.000","0.000","1.723","0.000","1.000","0.522","1.000","-1.000","0.372"
60,1,"0.000","0.000","0.000","1.000","1.000","1.000","1.000","1.000","0.000"
61,1,"0.000","0.000","1.294","0.000","1.000","0.529","1.000","-1.000","0.280"
62,1,"0.000","0.000","0.000","1.000","1.000","1.000","1.000","1.000","0.000"
63,1,"0.000","0.000","0.000","1.000","1.000","1.000","1.000","1.000","0.000"
64,1,"0.000","0.000","3.961","0.000","2.000","0.356","1.000","-1.000","0.856"
65,1,"0.000","0.000","0.000","1.000","1.000","1.000","1.000","1.000","0.000"
66,1,"0.000","0.000","0.000","1.000","1.000","1.000","1.000","1.000","0.000"
67,1,"0.000","0.000","0.000","1.000","1.000","1.000","1.000","1.000","0.000"
68,1,"0.000","0.000","0.000","1.000","1.000","1.000","1.000","1.000","0.000"
69,1,"0.000","0.000","1.381","0.000","1.000","0.578","1.000","-1.000","0.298"
70,1,"0.000","0.000","0.000","1.000","1.000","1.000","1.000","1.000","0.000"
71,1,"0.000","0.000","0.000","1.000","1.000","1.000","1.000","1.000","0.000"
72,1,"0.000","0.000","0.000","1.000","1.000","1.000","1.000","1.000","0.000"
73,1,"0.000","0.000","1.213","0.000","1.000","0.529","1.000","-1.000","0.262"
74,1,"0.000","0.000","1.183","0.000","1.000","0.581","1.000","-1.000","0.256"
75,1,"0.000","0.000","0.000","1.000","1.000","1.000","1.000","1.000","0.000"
76,1,"0.000","0.000","0.000","1.000","1.000","1.000","1.000","1.000","0.000"
77,1,"0.000","0.000","0.000","1.000","1.000","1.000","1.000","1.000","0.000"
78,1,"0.000","0.000","0.000","1.000","1.000","1.000","1.000","1.000","0.000"
79,1,"0.000","8.691","0.000","1.000","0.000","0.072","1.000","0.100","0.391"
80,1,"0.000","0.000","0.000","1.000","1.000","1.000","1.000","1.000","0.000"
81,1,"0.000","0.000","1.465","0.000","1.000","0.525","1.000","-1.000","0.316"
82,1,"0.000","0.000","0.000","1.000","1.000","1.000","1.000","1.000","0.000"
83,1,"0.000","0.000","0.000","1.000","1.000","1.000","1.000","1.000","0.000"
84,1,"0.000","0.000","0.000","1.000","1.000","1.000","1.000","1.000","0.000"
85,1,"0.000","0.000","0.000","1.000","1.000","1.000","1.000","1.000","0.000"
86,1,"0.000","0.000","0.000","1.000","1.000","1.000","1.000","1.000","0.000"
87,1,"0.000","0.000","0.000","1.000","1.000","1.000","1.000","1.000","0.000"
88,1,"0.000","0.000","0.000","1.000","1.000","1.000","1.000","1.000","0.000"
89,1,"0.000","0.000","0.000","1.000","1.000","1.000","1.000","1.000","0.000"
90,1,"3.478","0.000","0.000","0.000","1.000","0.961","1.000","-1.000","0.399"
91,1,"0.000","0.000","0.000","1.000","1.000","1.000","1.000","1.000","0.000"
92,1,"0.000","0.000","0.000","1.000","1.000","1.000","1.000","1.000","0.000"
93,1,"0.000","0.000","0.000","1.000","1.000","1.000","1.000","1.000","0.000"
94,1,"0.000","0.000","0.000","1.000","1.000","1.000","1.000","1.000","0.000"
95,1,"0.000","0.000","0.000","1.000","1.000","1.000","1.000","1.000","0.000"
96,1,"0.000","0.000","0.000","1.000","1.000","1.000","1.000","1.000","0.000"
97,1,"0.000","0.000","0.000","1.000","1.000","1.000","1.000","1.000","0.000"
98,1,"0.000","0.000","0.000","1.000","1.000","1.000","1.000","1.000","0.000"
99,1,"0.000","0.000","0.000","1.000","1.000","1.000","1.000","1.000","0.000"
100,1,"0.000","0.000","0.000","1.000","1.000","1.000","1.000","1.000","0.000"
101,1,"0.000","0.000","0.000","1.000","1.000","1.000","1.000","1.000","0.000"
102,1,"0.000","0.000","0.000","1.000","1.000","1.000","1.000","1.000","0.000"
103,1,"0.000","0.000","0.000","1.000","1.000","1.000","1.000","1.000","0.000"
104,1,"0.000","0.000","0.000","1.000","1.000","1.000","1.000","1.000","0.000"
105,1,"0.000","0.000","1.202","0.000","1.000","0.522","1.000","-1.000","0.260"
106,1,"0.000","0.000","0.000","1.000","1.000","1.000","1.000","1.000","0.000"
107,1,"1.396","0.000","0.000","0.000","1.000","0.930","1.000","-1.000","0.160"
108,1,"0.000","0.000","0.000","1.000","1.000","1.000","1.000","1.000","0.000"
109,1,"0.000","0.000","0.000","1.000","1.000","1.000","1.000","1.000","0.000"
110,1,"0.000","0.000","0.000","1.000","1.000","1.000","1.000","1.000","0.000"
111,1,"0.000","0.000","0.000","1.000","1.000","1.000","1.000","1.000","0.000"
112,1,"0.000","0.000","0.000","1.000","1.000","1.000","1.000","1.000","0.000"
113,1,"0.000","0.000","0.000","1.000","1.000","1.000","1.000","1.000","0.000"
114,1,"0.000","0.000","0.000","1.000","1.000","1.000","1.000","1.000","0.000"
115,1,"0.000","0.000","0.000","1.000","1.000","1.000","1.000","1.000","0.000"
116,1,"0.000","0.000","0.000","1.000","1.000","1.000","1.000","1.000","0.000"
117,1,"0.000","0.000","0.000","1.000","1.000","1.000","1.000","1.000","0.000"
118,1,"0.000","0.000","0.000","1.000","1.000","1.000","1.000","1.000","0.000"
119,1,"0.000","0.000","0.000","1.000","1.000","1.000","1.000","1.000","0.000"
120,1,"0.000","0.000","0.000","1.000","1.000","1.000","1.000","1.000","0.000"
121,1,"0.000","0.000","0.000","1.000","1.000","1.000","1.000","1.000","0.000"
122,1,"0.000","0.000","0.000","1.000","1.000","1.000","1.000","1.000","0.000"
123,1,"0.000","0.000","0.000","1.000","1.000","1.000","1.000","1.000","0.000"
124,1,"0.000","0.000","0.000","1.000","1.000","1.000","1.000","1.000","0.000"
125,1,"0.000","0.000","0.000","1.000","1.000","1.000","1.000","1.000","0.000"
126,1,"0.000","0.000","0.000","1.000","1.000","1.000","1.000","1.000","0.000"
127,1,"0.000","0.000","0.000","1.000","1.000","1.000","1.000","1.000","0.000"
128,1,"0.000","0.000","0.000","1.000","1.000","1.000","1.000","1.000","0.000"
129,1,"0.000","0.000","0.000","1.000","1.000","1.000","1.000","1.000","0.000"
130,1,"0.000","0.000","0.000","1.000","1.000","1.000","1.000","1.000","0.000"
131,1,"0.000","0.000","0.000","1.000","1.000","1.000","1.000","1.000","0.000"
132,1,"0.000","0.000","0.000","1.000","1.000","1.000","1.000","1.000","0.000"
133,1,"0.000","0.000","0.000","1.000","1.000","1.000","1.000","1.000","0.000"
134,1,"0.000","0.000","0.000","1.000","1.000","1.000","1.000","1.000","0.000"
135,1,"0.000","0.000","0.000","1.000","1.000","1.000","1.000","1.000","0.000"
136,1,"0.000","0.000","0.000","1.000","1.000","1.000","1.000","1.000","0.000"
137,1,"0.000","0.000","0.000","1.000","1.000","1.000","1.000","1.000","0.000"
138,1,"0.000","0.000","0.000","1.000","1.000","1.000","1.000","1.000","0.000"
139,1,"0.000","0.000","4.154","0.000","2.000","0.402","1.000","-1.000","0.897"
140,1,"0.000","11.235","2.442","1.000","1.000","0.316","1.000","-1.000","1.032"
141,1,"0.000","0.000","0.000","1.000","1.000","1.000","1.000","1.000","0.000"
142,1,"0.000","0.000","0.000","1.000","1.000","1.000","1.000","1.000","0.000"
143,1,"0.000","0.000","0.000","1.000","1.000","1.000","1.000","1.000","0.000"
144,1,"0.000","0.000","0.000","1.000","1.000","1.000","1.000","1.000","0.000"
145,1,"0.000","0.000","0.000","1.000","1.000","1.000","1.000","1.000","0.000"
146,1,"0.000","0.000","0.000","1.000","1.000","1.000","1.000","1.000","0.000"
147,1,"0.000","0.000","1.772","0.000","1.000","0.518","1.000","-1.000","0.383"
148,1,"0.000","0.000","0.000","1.000","1.000","1.000","1.000","1.000","0.000"
149,1,"0.000","0.000","0.000","1.000","1.000","1.000","1.000","1.000","0.000"
150,1,"0.000","0.000","0.000","1.000","1.000","1.000","1.000","1.000","0.000"
151,1,"0.000","0.000","0.000","1.000","1.000","1.000","1.000","1.000","0.000"
152,1,"0.000","0.000","0.000","1.000","1.000","1.000","1.000","1.000","0.000"
153,1,"0.000","0.000","0.000","1.000","1.000","1.000","1.000","1.000","0.000"
154,1,"0.000","0.000","0.000","1.000","1.000","1.000","1.000","1.000","0.000"
155,1,"0.000","0.000","0.000","1.000","1.000","1.000","1.000","1.000","0.000"
156,1,"0.000","0.000","1.449","0.000","1.000","0.456","1.000","-1.000","0.313"
157,1,"0.000","0.000","0.000","1.000","1.000","1.000","1.000","1.000","0.000"
158,1,"0.000","0.000","1.821","0.000","1.000","0.526","1.000","-1.000","0.393"
159,1,"0.000","11.766","0.000","1.000","0.000","0.076","1.000","1.000","0.529"
160,1,"0.000","0.000","0.000","1.000","1.000","1.000","1.000","1.000","0.000"
161,1,"0.000","0.000","0.000","1.000","1.000","1.000","1.000","1.000","0.000"
162,1,"0.000","0.000","0.000","1.000","1.000","1.000","1.000","1.000","0.000"
163,1,"0.000","0.000","0.000","1.000","1.000","1.000","1.000","1.000","0.000"
164,1,"0.000","0.000","0.000","1.000","1.000","1.000","1.000","1.000","0.000"
165,1,"0.000","0.000","0.000","1.000","1.000","1.000","1.000","1.000","0.000"
166,1,"4.149","0.000","0.000","0.000","1.000","0.905","1.000","-1.000","0.476"
167,1,"0.000","0.000","0.000","1.000","1.000","1.000","1.000","1.000","0.000"
168,1,"0.000","0.000","0.000","1.000","1.000","1.000","1.000","1.000","0.000"
169,1,"0.000","0.000","0.000","1.000","1.000","1.000","1.000","1.000","0.000"
170,1,"0.000","0.000","0.000","1.000","1.000","1.000","1.000","1.000","0.000"
171,1,"0.000","0.000","0.000","1.000","1.000","1.000","1.000","1.000","0.000"
172,1,"0.000","0.000","0.000","1.000","1.000","1.000","1.000","1.000","0.000"
173,1,"0.000","0.000","1.893","0.000","1.000","0.518","1.000","-1.000","0.409"
174,1,"0.000","0.000","0.000","1.000","1.000","1.000","1.000","1.000","0.000"
175,1,"0.000","0.000","0.000","1.000","1.000","1.000","1.000","1.000","0.000"
176,1,"3.014","0.000","0.000","0.000","1.000","1.000","1.000","-1.000","0.346"
177,1,"0.000","0.000","0.000","1.000","1.000","1.000","1.000","1.000","0.000"
178,1,"0.000","0.000","0.000","1.000","1.000","1.000","1.000","1.000","0.000"
179,1,"3.031","0.000","1.686","0.000","1.000","0.521","1.000","-1.000","0.712"
180,1,"0.000","0.000","0.000","1.000","1.000","1.000","1.000","1.000","0.000"
181,1,"1.913","0.000","0.000","0.000","1.000","0.944","1.000","-1.000","0.220"
182,1,"0.000","0.000","0.000","1.000","1.000","1.000","1.000","1.000","0.000"
183,1,"4.039","0.000","1.503","1.000","1.000","0.522","1.000","-1.000","0.788"
184,1,"0.000","0.000","0.000","1.000","1.000","1.000","1.000","1.000","0.000"
185,1,"0.000","0.000","0.000","1.000","1.000","1.000","1.000","1.000","0.000"
186,1,"0.000","0.000","0.000","1.000","1.000","1.000","1.000","1.000","0.000"
187,1,"3.015","0.000","0.000","0.000","1.000","1.000","1.000","-1.000","0.346"
188,1,"2.877","0.000","0.000","0.000","1.000","0.996","1.000","-1.000","0.330"
189,1,"0.000","0.000","0.000","1.000","1.000","1.000","1.000","1.000","0.000"
190,1,"0.000","0.000","0.000","1.000","1.000","1.000","1.000","1.000","0.000"
191,1,"0.000","0.000","1.248","0.000","1.000","0.568","1.000","-1.000","0.270"
192,1,"6.508","0.000","0.000","1.000","1.000","0.981","1.000","-1.000","0.747"
193,1,"0.000","0.000","0.000","1.000","1.000","1.000","1.000","1.000","0.000"
194,1,"0.000","0.000","0.000","1.000","1.000","1.000","1.000","1.000","0.000"
195,1,"2.795","11.352","0.000","1.000","1.000","0.043","1.000","0.500","0.831"
196,1,"0.000","0.000","1.562","0.000","1.000","0.483","1.000","-1.000","0.337"
197,1,"3.495","0.000","0.000","0.000","1.000","0.966","1.000","-1.000","0.401"
198,1,"0.000","0.000","0.000","1.000","1.000","1.000","1.000","1.000","0.000"
199,1,"0.000","0.000","1.825","0.000","1.000","0.527","1.000","-1.000","0.394"
200,1,"0.000","0.000","2.360","0.000","1.000","0.477","1.000","-1.000","0.510"
201,1,"4.244","0.000","1.660","0.000","2.000","0.527","1.000","-1.000","0.846"
202,1,"0.000","0.000","0.000","1.000","1.000","1.000","1.000","1.000","0.000"
203,1,"0.000","8.323","2.332","1.000","1.000","0.400","1.000","-1.000","0.878"
204,1,"3.499","0.000","0.000","0.000","1.000","0.965","1.000","-1.000","0.402"
205,1,"0.000","0.000","0.000","1.000","1.000","1.000","1.000","1.000","0.000"
206,1,"4.256","7.976","0.000","1.000","1.000","0.060","1.000","0.071","0.847"
207,1,"0.000","0.000","0.000","1.000","1.000","1.000","1.000","1.000","0.000"
208,1,"0.000","0.000","0.000","1.000","1.000","1.000","1.000","1.000","0.000"
209,1,"0.000","0.000","0.000","1.000","1.000","1.000","1.000","1.000","0.000"
210,1,"0.000","0.000","0.000","1.000","1.000","1.000","1.000","1.000","0.000"
211,1,"0.000","0.000","0.000","1.000","1.000","1.000","1.000","1.000","0.000"
212,1,"0.000","0.000","0.000","1.000","1.000","1.000","1.000","1.000","0.000"
213,1,"2.767","0.000","0.000","0.000","1.000","0.981","1.000","-1.000","0.318"
214,1,"4.027","0.000","0.000","0.000","1.000","0.923","1.000","-1.000","0.462"
215,1,"4.989","0.000","0.000","1.000","1.000","0.859","1.000","-1.000","0.573"
216,1,"0.000","0.000","0.000","1.000","1.000","1.000","1.000","1.000","0.000"
217,1,"0.000","0.000","0.000","1.000","1.000","1.000","1.000","1.000","0.000"
218,1,"0.000","0.000","1.286","0.000","1.000","0.579","1.000","-1.000","0.278"
219,1,"0.000","0.000","2.043","0.000","1.000","0.507","1.000","-1.000","0.441"
220,1,"0.000","0.000","0.000","1.000","1.000","1.000","1.000","1.000","0.000"
221,1,"3.849","0.000","0.000","1.000","0.000","0.930","1.000","-1.000","0.442"
222,1,"0.000","0.000","0.000","1.000","1.000","1.000","1.000","1.000","0.000"
223,1,"3.176","0.000","1.679","0.000","1.000","0.481","1.000","-1.000","0.727"
224,1,"2.462","0.000","0.000","0.000","1.000","0.963","1.000","-1.000","0.283"
225,1,"0.000","0.000","3.259","0.000","1.000","0.523","1.000","-1.000","0.704"
226,1,"0.000","0.000","0.000","1.000","1.000","1.000","1.000","1.000","0.000"
227,1,"0.000","0.000","1.439","0.000","1.000","0.481","1.000","-1.000","0.311"
228,1,"0.000","0.000","2.787","0.000","2.000","0.346","1.000","-1.000","0.602"
229,1,"0.000","0.000","0.000","1.000","1.000","1.000","1.000","1.000","0.000"
230,1,"0.000","0.000","0.000","1.000","1.000","1.000","1.000","1.000","0.000"
231,1,"0.000","0.000","0.000","1.000","1.000","1.000","1.000","1.000","0.000"
232,1,"0.000","0.000","0.000","1.000","1.000","1.000","1.000","1.000","0.000"
233,1,"0.000","0.000","0.000","1.000","1.000","1.000","1.000","1.000","0.000"
234,1,"0.000","0.000","0.000","1.000","1.000","1.000","1.000","1.000","0.000"
235,1,"0.000","0.000","0.000","1.000","1.000","1.000","1.000","1.000","0.000"
236,1,"0.000","0.000","0.000","1.000","1.000","1.000","1.000","1.000","0.000"
237,1,"0.000","0.000","0.000","1.000","1.000","1.000","1.000","1.000","0.000"
238,1,"0.000","0.000","0.000","1.000","1.000","1.000","1.000","1.000","0.000"
239,1,"0.000","0.000","0.000","1.000","1.000","1.000","1.000","1.000","0.000"
240,1,"0.000","0.000","0.000","1.000","1.000","1.000","1.000","1.000","0.000"
241,1,"0.000","0.000","0.000","1.000","1.000","1.000","1.000","1.000","0.000"
242,1,"3.800","0.000","0.000","1.000","0.000","0.945","1.000","-1.000","0.436"
243,1,"5.527","0.000","0.000","0.000","1.000","0.942","1.000","-1.000","0.635"
244,1,"13.293","0.000","0.000","0.000","3.000","0.967","1.000","-1.000","1.526"
245,1,"0.000","0.000","0.000","1.000","1.000","1.000","1.000","1.000","0.000"
246,1,"20.632","0.000","0.000","0.000","4.000","0.972","1.000","-1.000","2.369"
247,1,"0.000","0.000","0.000","1.000","1.000","1.000","1.000","1.000","0.000"
248,1,"3.946","0.000","0.000","0.000","1.000","0.929","1.000","-1.000","0.453"
249,1,"0.000","0.000","0.000","1.000","1.000","1.000","1.000","1.000","0.000"
250,1,"3.528","0.000","0.000","0.000","1.000","0.956","1.000","-1.000","0.405"
251,1,"6.376","0.000","0.000","0.000","2.000","0.968","1.000","-1.000","0.732"
252,1,"0.000","0.000","0.000","1.000","1.000","1.000","1.000","1.000","0.000"
253,1,"0.000","0.000","0.000","1.000","1.000","1.000","1.000","1.000","0.000"
254,1,"0.000","0.000","0.000","1.000","1.000","1.000","1.000","1.000","0.000"
255,1,"0.000","0.000","0.000","1.000","1.000","1.000","1.000","1.000","0.000"
256,1,"3.158","0.000","0.000","1.000","0.000","0.986","1.000","-1.000","0.363"
257,1,"3.511","0.000","0.000","0.000","1.000","0.961","1.000","-1.000","0.403"
258,1,"0.000","0.000","0.000","1.000","1.000","1.000","1.000","1.000","0.000"
259,1,"0.000","0.000","0.000","1.000","1.000","1.000","1.000","1.000","0.000"
260,1,"0.000","0.000","0.000","1.000","1.000","1.000","1.000","1.000","0.000"
261,1,"5.585","0.000","0.000","1.000","1.000","0.911","1.000","-1.000","0.641"
262,1,"0.000","0.000","0.000","1.000","1.000","1.000","1.000","1.000","0.000"
263,1,"0.000","0.000","1.741","0.000","1.000","0.522","1.000","-1.000","0.376"
264,1,"0.000","0.000","0.000","1.000","1.000","1.000","1.000","1.000","0.000"
265,1,"0.000","0.000","0.000","1.000","1.000","1.000","1.000","1.000","0.000"
266,1,"0.000","0.000","0.000","1.000","1.000","1.000","1.000","1.000","0.000"
267,1,"0.000","0.000","0.000","1.000","1.000","1.000","1.000","1.000","0.000"
268,1,"0.000","0.000","0.000","1.000","1.000","1.000","1.000","1.000","0.000"
269,1,"0.000","0.000","1.890","0.000","1.000","0.519","1.000","-1.000","0.408"
270,1,"0.000","0.000","0.000","1.000","1.000","1.000","1.000","1.000","0.000"
271,1,"7.729","0.000","0.000","0.000","2.000","0.906","1.000","-1.000","0.887"
272,1,"0.000","0.000","0.000","1.000","1.000","1.000","1.000","1.000","0.000"
273,1,"0.000","0.000","0.000","1.000","1.000","1.000","1.000","1.000","0.000"
274,1,"0.000","5.727","0.000","1.000","0.000","0.059","1.000","1.000","0.257"
275,1,"4.194","0.000","1.585","1.000","1.000","0.539","1.000","-1.000","0.824"
276,1,"2.238","0.000","1.297","1.000","1.000","0.528","1.000","-1.000","0.537"
277,1,"2.631","0.000","2.490","0.000","2.000","0.390","1.000","-1.000","0.840"
278,1,"0.000","0.000","0.000","1.000","1.000","1.000","1.000","1.000","0.000"
279,1,"2.223","0.000","0.000","0.000","1.000","0.956","1.000","-1.000","0.255"
280,1,"0.000","0.000","2.048","0.000","1.000","0.479","1.000","-1.000","0.442"
281,1,"0.000","0.000","0.000","1.000","1.000","1.000","1.000","1.000","0.000"
282,1,"2.371","0.000","0.000","0.000","1.000","0.964","1.000","-1.000","0.272"
283,1,"0.000","0.000","3.484","0.000","2.000","0.341","1.000","-1.000","0.753"
284,1,"0.000","0.000","0.000","1.000","1.000","1.000","1.000","1.000","0.000"
285,1,"0.000","7.432","4.626","1.000","2.000","0.718","1.000","-1.000","1.333"
286,1,"0.000","0.000","2.626","0.000","2.000","0.397","1.000","-1.000","0.567"
287,1,"6.704","0.000","1.646","0.000","3.000","0.512","1.000","-1.000","1.125"
288,1,"2.932","0.000","1.953","0.000","2.000","0.519","1.000","-1.000","0.758"
289,1,"0.000","0.000","0.000","1.000","1.000","1.000","1.000","1.000","0.000"
290,1,"5.450","0.000","0.000","0.000","1.000","0.937","1.000","-1.000","0.626"
291,1,"0.000","0.000","0.000","1.000","1.000","1.000","1.000","1.000","0.000"
292,1,"2.904","8.128","0.000","1.000","1.000","0.062","1.000","0.050","0.699"
293,1,"0.000","0.000","2.106","0.000","1.000","0.527","1.000","-1.000","0.455"
294,1,"0.000","8.797","0.000","1.000","0.000","0.059","1.000","1.000","0.395"
295,1,"2.827","6.355","0.000","1.000","1.000","0.051","1.000","0.333","0.610"
296,1,"3.048","0.000","1.809","1.000","1.000","0.524","1.000","-1.000","0.741"
297,1,"0.000","0.000","3.458","0.000","1.000","0.509","1.000","-1.000","0.747"
298,1,"2.969","0.000","4.771","0.000","2.000","0.279","1.000","-1.000","1.372"
299,1,"0.000","0.000","0.000","1.000","1.000","1.000","1.000","1.000","0.000"
300,1,"2.292","8.817","1.464","1.000","2.000","0.247","1.000","-1.000","0.976"
301,1,"2.810","0.000","0.000","0.000","1.000","0.990","1.000","-1.000","0.323"
302,1,"6.501","0.000","0.000","0.000","2.000","0.986","1.000","-1.000","0.746"
303,1,"3.899","24.602","0.000","2.000","1.000","0.009","1.000","0.200","1.553"
304,1,"0.000","9.757","0.000","1.000","0.000","0.049","1.000","1.000","0.438"
305,1,"0.000","0.000","0.000","1.000","1.000","1.000","1.000","1.000","0.000"
306,1,"0.000","0.000","1.594","0.000","1.000","0.539","1.000","-1.000","0.344"
307,1,"4.075","0.000","0.000","0.000","1.000","0.913","1.000","-1.000","0.468"
308,1,"0.000","0.000","0.000","1.000","1.000","1.000","1.000","1.000","0.000"
309,1,"0.000","7.958","0.000","1.000","0.000","0.058","1.000","1.000","0.358"
310,1,"0.000","6.454","1.645","1.000","1.000","0.358","1.000","-1.000","0.645"
311,1,"0.000","0.000","1.933","0.000","1.000","0.498","1.000","-1.000","0.418"
312,1,"5.484","0.000","1.722","0.000","2.000","0.523","1.000","-1.000","1.001"
313,1,"0.000","0.000","0.000","1.000","1.000","1.000","1.000","1.000","0.000"
314,1,"13.434","0.000","2.087","1.000","3.000","0.527","1.000","-1.000","1.993"
315,1,"0.000","0.000","1.599","0.000","1.000","0.522","1.000","-1.000","0.345"
316,1,"2.259","0.000","0.000","0.000","1.000","0.953","1.000","-1.000","0.259"
317,1,"0.000","0.000","0.000","1.000","1.000","1.000","1.000","1.000","0.000"
318,1,"0.000","0.000","0.000","1.000","1.000","1.000","1.000","1.000","0.000"
319,1,"0.000","0.000","1.723","0.000","1.000","0.544","1.000","-1.000","0.372"
320,1,"0.000","0.000","1.947","0.000","1.000","0.499","1.000","-1.000","0.421"
321,1,"2.223","0.000","0.000","0.000","1.000","0.957","1.000","-1.000","0.255"
322,1,"0.000","0.000","0.000","1.000","1.000","1.000","1.000","1.000","0.000"
323,1,"0.000","0.000","0.000","1.000","1.000","1.000","1.000","1.000","0.000"
324,1,"0.000","0.000","0.000","1.000","1.000","1.000","1.000","1.000","0.000"
325,1,"1.521","0.000","0.000","0.000","1.000","0.935","1.000","-1.000","0.175"
326,1,"0.000","0.000","0.000","1.000","1.000","1.000","1.000","1.000","0.000"
327,1,"0.000","0.000","0.965","0.000","1.000","0.529","1.000","-1.000","0.209"
328,1,"0.000","0.000","0.000","1.000","1.000","1.000","1.000","1.000","0.000"
329,1,"5.714","0.000","0.000","0.000","1.000","0.933","1.000","-1.000","0.656"
330,1,"0.000","0.000","0.000","1.000","1.000","1.000","1.000","1.000","0.000"
331,1,"2.936","0.000","0.000","0.000","1.000","0.993","1.000","-1.000","0.337"
332,1,"0.000","0.000","0.000","1.000","1.000","1.000","1.000","1.000","0.000"
333,1,"3.454","0.000","0.000","0.000","1.000","0.968","1.000","-1.000","0.397"
334,1,"0.000","0.000","0.000","1.000","1.000","1.000","1.000","1.000","0.000"
335,1,"0.000","0.000","0.000","1.000","1.000","1.000","1.000","1.000","0.000"
336,1,"10.267","0.000","0.000","0.000","2.000","0.989","1.000","-1.000","1.179"
337,1,"4.240","0.000","0.000","0.000","1.000","0.890","1.000","-1.000","0.487"
338,1,"0.000","0.000","0.000","1.000","1.000","1.000","1.000","1.000","0.000"
339,1,"0.000","0.000","0.000","1.000","1.000","1.000","1.000","1.000","0.000"
340,1,"0.000","0.000","0.000","1.000","1.000","1.000","1.000","1.000","0.000"
341,1,"3.108","0.000","0.000","0.000","1.000","0.989","1.000","-1.000","0.357"
342,1,"2.647","0.000","0.000","0.000","1.000","0.978","1.000","-1.000","0.304"
343,1,"11.603","0.000","2.766","1.000","2.000","0.450","1.000","-1.000","1.929"
344,1,"0.000","0.000","0.000","1.000","1.000","1.000","1.000","1.000","0.000"
345,1,"1.510","0.000","0.000","0.000","1.000","0.972","1.000","-1.000","0.173"
346,1,"0.000","0.000","0.000","1.000","1.000","1.000","1.000","1.000","0.000"
347,1,"7.734","0.000","0.000","0.000","2.000","0.904","1.000","-1.000","0.888"
348,1,"0.000","0.000","0.000","1.000","1.000","1.000","1.000","1.000","0.000"
349,1,"5.713","0.000","0.000","0.000","2.000","0.933","1.000","-1.000","0.656"
350,1,"0.000","0.000","0.000","1.000","1.000","1.000","1.000","1.000","0.000"
351,1,"0.000","0.000","1.735","0.000","1.000","0.535","1.000","-1.000","0.375"
352,1,"0.000","0.000","0.000","1.000","1.000","1.000","1.000","1.000","0.000"
353,1,"7.363","0.000","0.000","1.000","0.000","0.949","1.000","-1.000","0.845"
354,1,"0.000","0.000","1.557","0.000","1.000","0.512","1.000","-1.000","0.336"
355,1,"6.478","0.000","0.000","1.000","0.000","0.988","1.000","-1.000","0.744"
356,1,"0.000","0.000","0.000","1.000","1.000","1.000","1.000","1.000","0.000"
357,1,"5.223","6.523","0.000","1.000","2.000","0.065","1.000","1.000","0.893"
358,1,"0.000","0.000","0.000","1.000","1.000","1.000","1.000","1.000","0.000"
359,1,"0.000","0.000","0.000","1.000","1.000","1.000","1.000","1.000","0.000"
360,1,"4.578","0.000","0.000","0.000","2.000","0.862","1.000","-1.000","0.526"
361,1,"2.659","0.000","0.000","0.000","1.000","0.975","1.000","-1.000","0.305"
362,1,"0.000","0.000","0.000","1.000","1.000","1.000","1.000","1.000","0.000"
363,1,"0.000","0.000","2.442","0.000","1.000","0.455","1.000","-1.000","0.528"
364,1,"0.000","0.000","0.000","1.000","1.000","1.000","1.000","1.000","0.000"
365,1,"6.656","0.000","2.269","0.000","2.000","0.501","1.000","-1.000","1.254"
366,1,"4.894","0.000","1.511","0.000","2.000","0.649","1.000","-1.000","0.888"
367,1,"0.000","0.000","3.323","0.000","3.000","0.292","1.000","-1.000","0.718"
368,1,"4.769","0.000","0.000","0.000","2.000","0.884","1.000","-1.000","0.547"
369,1,"0.000","0.000","0.000","1.000","1.000","1.000","1.000","1.000","0.000"
370,1,"2.980","6.651","1.368","1.000","1.000","0.322","1.000","-1.000","0.937"
371,1,"2.507","0.000","0.000","0.000","1.000","0.965","1.000","-1.000","0.288"
372,1,"0.000","0.000","1.427","0.000","1.000","0.493","1.000","-1.000","0.308"
373,1,"0.000","0.000","1.119","0.000","1.000","0.530","1.000","-1.000","0.242"
374,1,"2.878","0.000","0.000","0.000","1.000","0.988","1.000","-1.000","0.330"
375,1,"10.374","0.000","0.000","0.000","2.000","0.988","1.000","-1.000","1.191"
376,1,"2.997","0.000","0.000","1.000","0.000","1.000","1.000","-1.000","0.344"
377,1,"0.000","0.000","3.285","0.000","2.000","0.346","1.000","-1.000","0.710"
378,1,"0.000","11.126","0.000","1.000","0.000","0.052","1.000","0.059","0.500"
379,1,"0.000","0.000","0.000","1.000","1.000","1.000","1.000","1.000","0.000"
380,1,"0.000","10.100","3.421","1.000","2.000","0.457","1.000","-1.000","1.193"
381,1,"0.000","0.000","1.183","0.000","1.000","0.581","1.000","-1.000","0.256"
382,1,"0.000","6.576","2.088","1.000","1.000","0.448","1.000","-1.000","0.746"
383,1,"0.000","0.000","1.597","0.000","1.000","0.522","1.000","-1.000","0.345"
384,1,"2.865","0.000","1.731","0.000","2.000","0.520","1.000","-1.000","0.703"
385,1,"0.000","0.000","0.000","1.000","1.000","1.000","1.000","1.000","0.000"
386,1,"0.000","0.000","1.542","0.000","1.000","0.403","1.000","-1.000","0.333"
387,1,"0.000","0.000","0.000","1.000","1.000","1.000","1.000","1.000","0.000"
388,1,"0.000","0.000","4.981","0.000","3.000","0.294","1.000","-1.000","1.076"
389,1,"0.000","0.000","1.545","0.000","1.000","0.482","1.000","-1.000","0.334"
390,1,"14.240","0.072","0.000","1.000","1.000","1.000","1.000","-1.000","1.638"
391,1,"5.823","0.000","0.000","0.000","2.000","0.923","1.000","-1.000","0.668"
392,1,"0.000","0.000","0.000","1.000","1.000","1.000","1.000","1.000","0.000"
393,1,"0.000","0.000","0.000","1.000","1.000","1.000","1.000","1.000","0.000"
394,1,"0.000","0.000","0.000","1.000","1.000","1.000","1.000","1.000","0.000"
395,1,"0.000","0.000","0.000","1.000","1.000","1.000","1.000","1.000","0.000"
396,1,"0.000","0.000","0.000","1.000","1.000","1.000","1.000","1.000","0.000"
397,1,"0.000","0.000","0.000","1.000","1.000","1.000","1.000","1.000","0.000"
398,1,"3.478","0.000","0.000","0.000","1.000","0.961","1.000","-1.000","0.399"
399,1,"0.000","0.000","0.000","1.000","1.000","1.000","1.000","1.000","0.000"
400,1,"0.000","0.000","0.000","1.000","1.000","1.000","1.000","1.000","0.000"
401,1,"3.046","0.000","0.000","1.000","0.000","0.996","1.000","-1.000","0.350"
402,1,"2.647","0.000","0.000","0.000","1.000","0.978","1.000","-1.000","0.304"
403,1,"9.639","0.000","0.000","1.000","1.000","0.962","1.000","-1.000","1.107"
404,1,"0.000","0.000","0.000","1.000","1.000","1.000","1.000","1.000","0.000"
405,1,"0.000","0.000","0.000","1.000","1.000","1.000","1.000","1.000","0.000"
406,1,"0.000","0.000","0.000","1.000","1.000","1.000","1.000","1.000","0.000"
407,1,"2.345","0.000","0.000","1.000","0.000","0.959","1.000","-1.000","0.269"
408,1,"3.236","24.483","0.000","1.000","0.000","0.004","1.000","1.000","1.472"
409,1,"0.000","0.000","0.000","1.000","1.000","1.000","1.000","1.000","0.000"
410,1,"0.000","8.314","2.052","1.000","1.000","0.363","1.000","-1.000","0.817"
411,1,"0.000","0.000","0.000","1.000","1.000","1.000","1.000","1.000","0.000"
412,1,"0.000","18.147","0.000","1.000","0.000","0.040","1.000","0.500","0.815"
413,1,"0.000","0.000","0.000","1.000","1.000","1.000","1.000","1.000","0.000"
414,1,"0.000","0.000","0.000","1.000","1.000","1.000","1.000","1.000","0.000"
415,1,"0.000","0.000","0.000","1.000","1.000","1.000","1.000","1.000","0.000"
416,1,"2.262","0.000","0.000","0.000","1.000","0.953","1.000","-1.000","0.260"
417,1,"0.000","0.000","0.000","1.000","1.000","1.000","1.000","1.000","0.000"
418,1,"0.000","0.000","0.000","1.000","1.000","1.000","1.000","1.000","0.000"
419,1,"0.000","8.103","0.000","1.000","0.000","0.058","1.000","0.333","0.364"
420,1,"0.000","7.685","1.744","1.000","1.000","0.326","1.000","-1.000","0.722"
421,1,"0.000","0.000","6.477","0.000","3.000","0.227","1.000","-1.000","1.399"
422,1,"0.000","0.000","0.000","1.000","1.000","1.000","1.000","1.000","0.000"
423,1,"0.000","0.000","0.000","1.000","1.000","1.000","1.000","1.000","0.000"
424,1,"0.000","0.000","0.000","1.000","1.000","1.000","1.000","1.000","0.000"
425,1,"0.000","5.602","1.164","1.000","1.000","0.299","1.000","-1.000","0.503"
426,1,"0.000","0.000","0.000","1.000","1.000","1.000","1.000","1.000","0.000"
427,1,"0.000","9.525","0.000","1.000","0.000","0.049","1.000","1.000","0.428"
428,1,"0.000","0.000","0.000","1.000","1.000","1.000","1.000","1.000","0.000"
429,1,"0.000","0.000","0.000","1.000","1.000","1.000","1.000","1.000","0.000"
430,1,"0.000","10.222","0.000","1.000","0.000","0.053","1.000","0.125","0.459"
431,1,"0.000","0.000","0.000","1.000","1.000","1.000","1.000","1.000","0.000"
432,1,"0.000","0.000","0.000","1.000","1.000","1.000","1.000","1.000","0.000"
433,1,"0.000","0.000","0.000","1.000","1.000","1.000","1.000","1.000","0.000"
434,1,"0.000","0.000","0.000","1.000","1.000","1.000","1.000","1.000","0.000"
435,1,"0.000","0.000","0.000","1.000","1.000","1.000","1.000","1.000","0.000"
436,1,"0.000","0.000","0.000","1.000","1.000","1.000","1.000","1.000","0.000"
437,1,"0.000","30.651","0.000","1.000","0.000","0.006","1.000","1.000","1.377"
438,1,"0.000","38.271","0.000","1.000","0.000","0.008","1.000","1.000","1.720"
439,1,"0.000","12.903","0.000","1.000","0.000","0.046","1.000","0.500","0.580"
440,1,"0.000","6.330","0.000","1.000","0.000","0.059","1.000","1.000","0.284"
441,1,"0.000","0.000","0.000","1.000","1.000","1.000","1.000","1.000","0.000"
442,1,"0.000","0.000","0.000","1.000","1.000","1.000","1.000","1.000","0.000"
443,1,"0.000","0.000","0.000","1.000","1.000","1.000","1.000","1.000","0.000"
444,1,"0.000","0.000","0.000","1.000","1.000","1.000","1.000","1.000","0.000"
445,1,"0.000","0.000","0.000","1.000","1.000","1.000","1.000","1.000","0.000"
446,1,"0.000","0.000","0.000","1.000","1.000","1.000","1.000","1.000","0.000"
447,1,"0.000","0.000","0.000","1.000","1.000","1.000","1.000","1.000","0.000"
448,1,"0.000","0.000","0.000","1.000","1.000","1.000","1.000","1.000","0.000"
449,1,"0.000","0.000","3.745","0.000","1.000","0.478","1.000","-1.000","0.809"
450,1,"1.510","0.000","0.000","0.000","1.000","0.972","1.000","-1.000","0.173"
451,1,"6.056","0.000","0.000","0.000","1.000","0.969","1.000","-1.000","0.695"
452,1,"0.000","0.000","1.664","0.000","1.000","0.517","1.000","-1.000","0.360"
453,1,"0.000","0.000","3.552","0.000","2.000","0.380","1.000","-1.000","0.767"
454,1,"0.000","8.207","0.000","1.000","0.000","0.052","1.000","1.000","0.369"
455,1,"4.223","0.000","1.645","0.000","1.000","0.518","1.000","-1.000","0.840"
456,1,"2.355","0.000","0.000","1.000","0.000","0.959","1.000","-1.000","0.270"
457,1,"0.000","0.000","0.000","1.000","1.000","1.000","1.000","1.000","0.000"
458,1,"5.465","0.000","1.934","0.000","2.000","0.519","1.000","-1.000","1.045"
459,1,"0.000","0.000","0.000","1.000","1.000","1.000","1.000","1.000","0.000"
460,1,"0.000","0.000","0.000","1.000","1.000","1.000","1.000","1.000","0.000"
461,1,"3.478","0.000","0.000","0.000","1.000","0.961","1.000","-1.000","0.399"
462,1,"0.000","0.000","0.000","1.000","1.000","1.000","1.000","1.000","0.000"
463,1,"0.000","9.856","0.000","1.000","0.000","0.057","1.000","1.000","0.443"
464,1,"0.000","9.587","1.497","1.000","1.000","0.263","1.000","-1.000","0.754"
465,1,"0.000","0.000","0.000","1.000","1.000","1.000","1.000","1.000","0.000"
466,1,"2.877","0.000","0.000","0.000","1.000","0.996","1.000","-1.000","0.330"
467,1,"4.029","29.971","0.000","2.000","1.000","0.003","1.000","1.000","1.809"
468,1,"3.493","11.783","1.922","1.000","2.000","0.257","1.000","-1.000","1.346"
469,1,"0.000","0.000","0.000","1.000","1.000","1.000","1.000","1.000","0.000"
470,1,"0.000","0.000","0.000","1.000","1.000","1.000","1.000","1.000","0.000"
471,1,"0.000","8.946","0.000","1.000","0.000","0.057","1.000","1.000","0.402"
472,1,"0.000","0.000","0.000","1.000","1.000","1.000","1.000","1.000","0.000"
473,1,"0.000","0.000","0.000","1.000","1.000","1.000","1.000","1.000","0.000"
474,1,"0.000","0.000","0.000","1.000","1.000","1.000","1.000","1.000","0.000"
475,1,"0.000","0.000","0.000","1.000","1.000","1.000","1.000","1.000","0.000"
476,1,"0.000","0.000","0.000","1.000","1.000","1.000","1.000","1.000","0.000"
477,1,"3.527","0.000","0.000","0.000","1.000","0.956","1.000","-1.000","0.405"
478,1,"3.140","0.000","0.000","1.000","0.000","0.987","1.000","-1.000","0.360"
479,1,"0.000","0.000","0.000","1.000","1.000","1.000","1.000","1.000","0.000"
480,1,"0.000","0.000","0.000","1.000","1.000","1.000","1.000","1.000","0.000"
481,1,"0.000","0.000","0.000","1.000","1.000","1.000","1.000","1.000","0.000"
482,1,"0.000","9.189","0.000","1.000","0.000","0.081","1.000","0.500","0.413"
483,1,"0.000","0.000","0.000","1.000","1.000","1.000","1.000","1.000","0.000"
484,1,"0.000","0.000","0.000","1.000","1.000","1.000","1.000","1.000","0.000"
485,1,"0.000","0.000","0.000","1.000","1.000","1.000","1.000","1.000","0.000"
486,1,"0.000","0.000","0.000","1.000","1.000","1.000","1.000","1.000","0.000"
487,1,"0.000","0.000","0.000","1.000","1.000","1.000","1.000","1.000","0.000"
488,1,"3.283","0.000","0.000","0.000","1.000","0.985","1.000","-1.000","0.377"
489,1,"0.000","0.000","0.000","1.000","1.000","1.000","1.000","1.000","0.000"
490,1,"0.000","0.000","0.000","1.000","1.000","1.000","1.000","1.000","0.000"
491,1,"3.502","0.000","0.000","0.000","1.000","0.964","1.000","-1.000","0.402"
492,1,"0.000","0.000","0.000","1.000","1.000","1.000","1.000","1.000","0.000"
493,1,"0.000","0.000","0.000","1.000","1.000","1.000","1.000","1.000","0.000"
494,1,"0.000","0.000","0.000","1.000","1.000","1.000","1.000","1.000","0.000"
495,1,"0.000","0.000","0.000","1.000","1.000","1.000","1.000","1.000","0.000"
496,1,"1.901","0.000","0.000","0.000","1.000","0.935","1.000","-1.000","0.218"
497,1,"0.000","0.000","0.000","1.000","1.000","1.000","1.000","1.000","0.000"
498,1,"0.000","0.000","0.000","1.000","1.000","1.000","1.000","1.000","0.000"
499,1,"0.000","0.000","0.000","1.000","1.000","1.000","1.000","1.000","0.000"
500,1,"0.000","0.000","0.000","1.000","1.000","1.000","1.000","1.000","0.000"
501,1,"3.015","0.000","0.000","0.000","1.000","1.000","1.000","-1.000","0.346"
502,1,"5.946","0.000","0.000","0.000","2.000","0.948","1.000","-1.000","0.683"
503,1,"0.000","0.000","0.000","1.000","1.000","1.000","1.000","1.000","0.000"
504,1,"0.000","0.000","1.300","0.000","1.000","0.427","1.000","-1.000","0.281"
505,1,"0.000","0.000","0.000","1.000","1.000","1.000","1.000","1.000","0.000"
506,1,"5.725","0.000","0.000","0.000","1.000","0.945","1.000","-1.000","0.657"
507,1,"0.000","0.000","0.000","1.000","1.000","1.000","1.000","1.000","0.000"
508,1,"2.386","0.000","0.000","1.000","0.000","0.960","1.000","-1.000","0.274"
509,1,"0.000","0.000","0.000","1.000","1.000","1.000","1.000","1.000","0.000"
510,1,"0.000","0.000","0.000","1.000","1.000","1.000","1.000","1.000","0.000"
511,1,"0.000","0.000","0.000","1.000","1.000","1.000","1.000","1.000","0.000"
512,1,"3.013","0.000","0.000","0.000","1.000","1.000","1.000","-1.000","0.346"
513,1,"0.000","0.000","0.000","1.000","1.000","1.000","1.000","1.000","0.000"
514,1,"5.573","0.000","0.000","0.000","2.000","0.925","1.000","-1.000","0.640"
515,1,"4.865","0.000","0.000","1.000","0.000","0.885","1.000","-1.000","0.558"
516,1,"4.008","0.000","0.000","0.000","1.000","0.925","1.000","-1.000","0.460"
517,1,"3.921","0.000","0.000","1.000","1.000","0.897","1.000","-1.000","0.450"
518,1,"0.000","0.000","0.000","1.000","1.000","1.000","1.000","1.000","0.000"
519,1,"0.000","0.000","0.000","1.000","1.000","1.000","1.000","1.000","0.000"
520,1,"4.391","0.000","0.000","0.000","2.000","0.866","1.000","-1.000","0.504"
521,1,"0.000","0.000","0.000","1.000","1.000","1.000","1.000","1.000","0.000"
522,1,"0.000","0.000","0.000","1.000","1.000","1.000","1.000","1.000","0.000"
523,1,"0.000","0.000","0.000","1.000","1.000","1.000","1.000","1.000","0.000"
524,1,"3.779","0.000","0.000","0.000","1.000","0.941","1.000","-1.000","0.434"
525,1,"0.000","0.000","0.000","1.000","1.000","1.000","1.000","1.000","0.000"
526,1,"0.000","0.000","0.000","1.000","1.000","1.000","1.000","1.000","0.000"
527,1,"0.000","0.000","0.000","1.000","1.000","1.000","1.000","1.000","0.000"
528,1,"0.000","0.000","0.000","1.000","1.000","1.000","1.000","1.000","0.000"
529,1,"0.000","0.000","0.000","1.000","1.000","1.000","1.000","1.000","0.000"
530,1,"4.096","0.000","0.000","1.000","0.000","0.907","1.000","-1.000","0.470"
531,1,"0.000","0.000","0.000","1.000","1.000","1.000","1.000","1.000","0.000"
532,1,"0.000","0.000","0.000","1.000","1.000","1.000","1.000","1.000","0.000"
533,1,"4.073","0.000","0.000","0.000","2.000","0.880","1.000","-1.000","0.468"
534,1,"0.000","0.000","0.000","1.000","1.000","1.000","1.000","1.000","0.000"
535,1,"0.000","0.000","0.000","1.000","1.000","1.000","1.000","1.000","0.000"
536,1,"0.000","0.000","0.000","1.000","1.000","1.000","1.000","1.000","0.000"
537,1,"0.000","0.000","0.000","1.000","1.000","1.000","1.000","1.000","0.000"
538,1,"0.000","0.000","0.000","1.000","1.000","1.000","1.000","1.000","0.000"
539,1,"0.000","0.000","0.000","1.000","1.000","1.000","1.000","1.000","0.000"
540,1,"0.000","0.000","0.000","1.000","1.000","1.000","1.000","1.000","0.000"
541,1,"0.000","0.000","0.000","1.000","1.000","1.000","1.000","1.000","0.000"
542,1,"0.000","0.000","0.000","1.000","1.000","1.000","1.000","1.000","0.000"
543,1,"2.361","0.000","0.000","0.000","1.000","0.961","1.000","-1.000","0.271"
544,1,"4.046","0.000","0.000","0.000","1.000","0.916","1.000","-1.000","0.465"
545,1,"0.000","0.000","0.000","1.000","1.000","1.000","1.000","1.000","0.000"
546,1,"0.000","0.000","0.000","1.000","1.000","1.000","1.000","1.000","0.000"
547,1,"0.000","0.000","0.000","1.000","1.000","1.000","1.000","1.000","0.000"
548,1,"0.000","0.000","0.000","1.000","1.000","1.000","1.000","1.000","0.000"
549,1,"5.566","0.000","0.000","0.000","2.000","0.924","1.000","-1.000","0.639"
550,1,"0.000","0.000","0.000","1.000","1.000","1.000","1.000","1.000","0.000"
551,1,"12.993","0.000","0.000","0.000","3.000","0.988","1.000","-1.000","1.492"
552,1,"2.875","0.000","0.000","0.000","1.000","0.995","1.000","-1.000","0.330"
553,1,"0.000","0.000","0.000","1.000","1.000","1.000","1.000","1.000","0.000"
554,1,"0.000","0.000","0.000","1.000","1.000","1.000","1.000","1.000","0.000"
555,1,"5.151","0.000","0.000","0.000","2.000","0.895","1.000","-1.000","0.591"
556,1,"0.000","0.000","0.000","1.000","1.000","1.000","1.000","1.000","0.000"
557,1,"0.000","0.000","0.000","1.000","1.000","1.000","1.000","1.000","0.000"
558,1,"0.000","0.000","0.000","1.000","1.000","1.000","1.000","1.000","0.000"
559,1,"3.478","0.000","0.000","0.000","1.000","0.961","1.000","-1.000","0.399"
560,1,"3.031","0.000","0.000","1.000","0.000","1.000","1.000","-1.000","0.348"
561,1,"13.780","0.000","0.000","1.000","1.000","0.939","1.000","-1.000","1.582"
562,1,"2.876","0.000","0.000","0.000","1.000","0.995","1.000","-1.000","0.330"
563,1,"4.074","0.000","0.000","0.000","1.000","0.914","1.000","-1.000","0.468"
564,1,"0.000","0.000","0.000","1.000","1.000","1.000","1.000","1.000","0.000"
565,1,"0.000","0.000","0.000","1.000","1.000","1.000","1.000","1.000","0.000"
566,1,"2.876","0.000","0.000","0.000","1.000","0.995","1.000","-1.000","0.330"
567,1,"0.000","0.000","0.000","1.000","1.000","1.000","1.000","1.000","0.000"
568,1,"0.000","0.000","0.000","1.000","1.000","1.000","1.000","1.000","0.000"
569,1,"0.000","0.000","0.000","1.000","1.000","1.000","1.000","1.000","0.000"
570,1,"0.000","0.000","0.000","1.000","1.000","1.000","1.000","1.000","0.000"
571,1,"1.510","0.000","0.000","0.000","1.000","0.972","1.000","-1.000","0.173"
572,1,"0.000","0.000","0.000","1.000","1.000","1.000","1.000","1.000","0.000"
573,1,"2.265","0.000","0.000","1.000","0.000","0.957","1.000","-1.000","0.260"
574,1,"0.000","0.000","0.000","1.000","1.000","1.000","1.000","1.000","0.000"
575,1,"0.000","0.000","0.000","1.000","1.000","1.000","1.000","1.000","0.000"
576,1,"0.000","0.000","0.000","1.000","1.000","1.000","1.000","1.000","0.000"
577,1,"0.000","0.000","0.000","1.000","1.000","1.000","1.000","1.000","0.000"
578,1,"0.000","0.000","0.000","1.000","1.000","1.000","1.000","1.000","0.000"
579,1,"2.506","0.000","0.000","0.000","1.000","0.965","1.000","-1.000","0.288"
580,1,"0.000","0.000","0.000","1.000","1.000","1.000","1.000","1.000","0.000"
581,1,"2.934","0.000","0.000","0.000","1.000","0.993","1.000","-1.000","0.337"
582,1,"2.278","0.000","0.000","0.000","1.000","0.959","1.000","-1.000","0.261"
583,1,"0.000","0.000","0.000","1.000","1.000","1.000","1.000","1.000","0.000"
584,1,"0.000","0.000","0.000","1.000","1.000","1.000","1.000","1.000","0.000"
585,1,"0.000","0.000","0.000","1.000","1.000","1.000","1.000","1.000","0.000"
586,1,"10.678","0.000","0.000","0.000","2.000","0.956","1.000","-1.000","1.226"
587,1,"3.478","0.000","0.000","0.000","1.000","0.961","1.000","-1.000","0.399"
588,1,"2.452","0.000","0.000","1.000","0.000","0.964","1.000","-1.000","0.282"
589,1,"0.000","0.000","0.000","1.000","1.000","1.000","1.000","1.000","0.000"
590,1,"0.000","8.081","0.000","1.000","0.000","0.045","1.000","1.000","0.363"
591,1,"0.000","0.000","0.000","1.000","1.000","1.000","1.000","1.000","0.000"
592,1,"0.000","0.000","0.000","1.000","1.000","1.000","1.000","1.000","0.000"
593,1,"0.000","0.000","0.000","1.000","1.000","1.000","1.000","1.000","0.000"
594,1,"4.028","0.000","0.000","0.000","1.000","0.922","1.000","-1.000","0.462"
595,1,"0.000","0.000","0.000","1.000","1.000","1.000","1.000","1.000","0.000"
596,1,"0.000","0.000","0.000","1.000","1.000","1.000","1.000","1.000","0.000"
597,1,"0.000","0.000","0.000","1.000","1.000","1.000","1.000","1.000","0.000"
598,1,"0.000","0.000","0.000","1.000","1.000","1.000","1.000","1.000","0.000"
599,1,"4.017","0.000","0.000","0.000","1.000","0.925","1.000","-1.000","0.461"
600,1,"0.000","0.000","0.000","1.000","1.000","1.000","1.000","1.000","0.000"
601,1,"3.499","0.000","0.000","0.000","1.000","0.965","1.000","-1.000","0.402"
602,1,"0.000","0.000","1.609","0.000","1.000","0.516","1.000","-1.000","0.348"
603,1,"3.685","0.000","0.000","1.000","1.000","0.920","1.000","-1.000","0.423"
604,1,"2.670","0.000","0.000","0.000","1.000","0.975","1.000","-1.000","0.307"
605,1,"2.738","0.000","0.000","0.000","1.000","0.981","1.000","-1.000","0.314"
606,1,"0.000","0.000","0.000","1.000","1.000","1.000","1.000","1.000","0.000"
607,1,"4.234","0.000","0.000","0.000","1.000","0.897","1.000","-1.000","0.486"
608,1,"10.369","0.000","0.000","0.000","2.000","0.982","1.000","-1.000","1.190"
609,1,"4.064","0.000","0.000","1.000","0.000","0.916","1.000","-1.000","0.467"
610,1,"5.754","0.000","0.000","0.000","1.000","0.941","1.000","-1.000","0.661"
611,1,"9.315","0.000","0.000","1.000","1.000","0.750","1.000","-1.000","1.069"
612,1,"0.000","0.000","0.000","1.000","1.000","1.000","1.000","1.000","0.000"
613,1,"0.000","0.000","0.000","1.000","1.000","1.000","1.000","1.000","0.000"
614,1,"0.000","0.000","0.000","1.000","1.000","1.000","1.000","1.000","0.000"
615,1,"0.000","0.000","0.000","1.000","1.000","1.000","1.000","1.000","0.000"
616,1,"0.000","0.000","0.000","1.000","1.000","1.000","1.000","1.000","0.000"
617,1,"0.000","0.000","0.000","1.000","1.000","1.000","1.000","1.000","0.000"
618,1,"0.000","0.000","0.000","1.000","1.000","1.000","1.000","1.000","0.000"
619,1,"5.737","0.000","0.000","0.000","1.000","0.947","1.000","-1.000","0.659"
620,1,"2.521","0.000","0.000","0.000","1.000","0.970","1.000","-1.000","0.289"
621,1,"0.000","0.000","0.000","1.000","1.000","1.000","1.000","1.000","0.000"
622,1,"0.000","0.000","0.000","1.000","1.000","1.000","1.000","1.000","0.000"
623,1,"0.000","0.000","0.000","1.000","1.000","1.000","1.000","1.000","0.000"
624,1,"3.495","0.000","0.000","0.000","1.000","0.966","1.000","-1.000","0.401"
625,1,"0.000","0.000","0.000","1.000","1.000","1.000","1.000","1.000","0.000"
626,1,"2.292","0.000","0.000","0.000","1.000","0.956","1.000","-1.000","0.263"
627,1,"0.000","0.000","0.000","1.000","1.000","1.000","1.000","1.000","0.000"
628,1,"2.325","0.000","0.000","1.000","0.000","0.956","1.000","-1.000","0.267"
629,1,"0.000","0.000","1.730","0.000","1.000","0.508","1.000","-1.000","0.374"
630,1,"0.000","0.000","0.000","1.000","1.000","1.000","1.000","1.000","0.000"
631,1,"3.035","0.000","0.000","0.000","1.000","1.000","1.000","-1.000","0.348"
632,1,"6.478","0.000","0.000","1.000","0.000","0.988","1.000","-1.000","0.744"
633,1,"1.604","0.000","0.000","0.000","1.000","0.933","1.000","-1.000","0.184"
634,1,"0.000","0.000","0.000","1.000","1.000","1.000","1.000","1.000","0.000"
635,1,"0.000","0.000","1.405","0.000","1.000","0.578","1.000","-1.000","0.303"
636,1,"0.000","0.000","0.000","1.000","1.000","1.000","1.000","1.000","0.000"
637,1,"4.574","0.000","0.000","0.000","2.000","0.830","1.000","-1.000","0.525"
638,1,"0.000","0.000","0.000","1.000","1.000","1.000","1.000","1.000","0.000"
639,1,"3.820","0.000","0.000","0.000","1.000","0.945","1.000","-1.000","0.439"
640,1,"0.000","0.000","0.000","1.000","1.000","1.000","1.000","1.000","0.000"
641,1,"0.000","0.000","0.000","1.000","1.000","1.000","1.000","1.000","0.000"
642,1,"5.216","0.000","0.000","0.000","2.000","0.880","1.000","-1.000","0.599"
643,1,"12.741","0.000","0.000","0.000","2.000","1.000","1.000","-1.000","1.463"
644,1,"5.500","0.000","0.000","0.000","1.000","0.940","1.000","-1.000","0.631"
645,1,"0.000","0.000","0.000","1.000","1.000","1.000","1.000","1.000","0.000"
646,1,"3.454","0.000","0.000","0.000","1.000","0.968","1.000","-1.000","0.397"
647,1,"2.509","0.000","0.000","0.000","1.000","0.966","1.000","-1.000","0.288"
648,1,"0.000","0.000","0.000","1.000","1.000","1.000","1.000","1.000","0.000"
649,1,"2.526","0.000","0.000","0.000","1.000","0.972","1.000","-1.000","0.290"
650,1,"0.000","0.000","0.000","1.000","1.000","1.000","1.000","1.000","0.000"
651,1,"2.964","0.000","0.000","0.000","1.000","1.000","1.000","-1.000","0.340"
652,1,"0.000","0.000","0.000","1.000","1.000","1.000","1.000","1.000","0.000"
653,1,"4.101","0.000","6.978","0.000","4.000","0.217","1.000","-1.000","1.978"
654,1,"2.462","0.000","0.000","0.000","1.000","0.963","1.000","-1.000","0.283"
655,1,"0.000","0.000","1.018","0.000","1.000","0.508","1.000","-1.000","0.220"
656,1,"0.000","0.000","0.000","1.000","1.000","1.000","1.000","1.000","0.000"
657,1,"0.000","0.000","0.000","1.000","1.000","1.000","1.000","1.000","0.000"
658,1,"0.000","0.000","0.000","1.000","1.000","1.000","1.000","1.000","0.000"
659,1,"2.507","0.000","0.000","0.000","1.000","0.965","1.000","-1.000","0.288"
660,1,"0.000","0.000","0.000","1.000","1.000","1.000","1.000","1.000","0.000"
661,1,"4.798","0.000","0.000","1.000","0.000","0.904","1.000","-1.000","0.551"
662,1,"3.015","0.000","0.000","0.000","1.000","1.000","1.000","-1.000","0.346"
663,1,"0.000","0.000","0.000","1.000","1.000","1.000","1.000","1.000","0.000"
664,1,"0.000","10.281","0.000","1.000","0.000","0.047","1.000","1.000","0.462"
665,1,"0.000","0.000","0.000","1.000","1.000","1.000","1.000","1.000","0.000"
666,1,"0.000","0.000","0.000","1.000","1.000","1.000","1.000","1.000","0.000"
667,1,"0.000","0.000","0.000","1.000","1.000","1.000","1.000","1.000","0.000"
668,1,"0.000","0.000","0.000","1.000","1.000","1.000","1.000","1.000","0.000"
669,1,"0.000","0.000","0.000","1.000","1.000","1.000","1.000","1.000","0.000"
670,1,"0.000","0.000","0.000","1.000","1.000","1.000","1.000","1.000","0.000"
671,1,"3.502","0.000","0.000","0.000","1.000","0.964","1.000","-1.000","0.402"
672,1,"0.000","0.000","1.541","0.000","1.000","0.524","1.000","-1.000","0.333"
673,1,"2.934","0.000","0.000","0.000","1.000","0.993","1.000","-1.000","0.337"
674,1,"0.000","0.000","0.000","1.000","1.000","1.000","1.000","1.000","0.000"
675,1,"0.000","0.000","0.000","1.000","1.000","1.000","1.000","1.000","0.000"
676,1,"3.446","0.000","1.962","0.000","2.000","0.516","1.000","-1.000","0.819"
677,1,"0.000","0.000","0.000","1.000","1.000","1.000","1.000","1.000","0.000"
678,1,"0.000","0.000","0.000","1.000","1.000","1.000","1.000","1.000","0.000"
679,1,"0.000","0.000","0.000","1.000","1.000","1.000","1.000","1.000","0.000"
680,1,"0.000","0.000","0.000","1.000","1.000","1.000","1.000","1.000","0.000"
681,1,"1.397","0.000","0.000","0.000","1.000","0.930","1.000","-1.000","0.160"
682,1,"0.000","0.000","0.000","1.000","1.000","1.000","1.000","1.000","0.000"
683,1,"0.000","0.000","1.407","0.000","1.000","0.513","1.000","-1.000","0.304"
684,1,"3.017","0.000","0.000","0.000","1.000","1.000","1.000","-1.000","0.346"
685,1,"0.000","0.000","0.000","1.000","1.000","1.000","1.000","1.000","0.000"
686,1,"5.441","0.000","0.000","0.000","1.000","0.931","1.000","-1.000","0.625"
687,1,"0.000","0.000","1.286","0.000","1.000","0.579","1.000","-1.000","0.278"
688,1,"2.905","0.000","0.000","0.000","1.000","1.000","1.000","-1.000","0.333"
689,1,"0.000","0.000","0.000","1.000","1.000","1.000","1.000","1.000","0.000"
690,1,"5.538","0.000","0.000","0.000","1.000","0.942","1.000","-1.000","0.636"
691,1,"0.000","0.000","0.000","1.000","1.000","1.000","1.000","1.000","0.000"
692,1,"0.000","0.000","0.000","1.000","1.000","1.000","1.000","1.000","0.000"
693,1,"0.000","0.000","0.000","1.000","1.000","1.000","1.000","1.000","0.000"
694,1,"0.000","0.000","0.000","1.000","1.000","1.000","1.000","1.000","0.000"
695,1,"2.686","0.000","0.000","0.000","1.000","0.983","1.000","-1.000","0.308"
696,1,"2.687","0.000","0.000","0.000","1.000","0.983","1.000","-1.000","0.308"
697,1,"0.000","0.000","0.000","1.000","1.000","1.000","1.000","1.000","0.000"
698,1,"12.440","0.454","0.000","1.000","1.000","1.000","1.000","-1.000","1.449"
699,1,"7.737","0.000","0.000","0.000","2.000","0.907","1.000","-1.000","0.888"
700,1,"0.000","0.000","0.000","1.000","1.000","1.000","1.000","1.000","0.000"
701,1,"0.000","0.000","1.736","0.000","1.000","0.522","1.000","-1.000","0.375"
702,1,"0.000","0.000","0.000","1.000","1.000","1.000","1.000","1.000","0.000"
703,1,"0.000","0.000","0.000","1.000","1.000","1.000","1.000","1.000","0.000"
704,1,"2.523","0.000","0.000","0.000","1.000","0.972","1.000","-1.000","0.290"
705,1,"0.000","0.000","0.000","1.000","1.000","1.000","1.000","1.000","0.000"
706,1,"0.000","0.000","0.000","1.000","1.000","1.000","1.000","1.000","0.000"
707,1,"4.076","0.000","0.000","0.000","1.000","0.912","1.000","-1.000","0.468"
708,1,"2.877","0.000","0.000","1.000","0.000","0.988","1.000","-1.000","0.330"
709,1,"0.000","0.000","0.000","1.000","1.000","1.000","1.000","1.000","0.000"
